Category,mtDNA,Individual
Grand Princes of Kiev,Z1a,Roman the Great (1152-1205)
Russian Royalty,H3,Peter II (1715-1730)
Romanovs,T2,Nicholas II (1868-1918)
Romanovs,H,Maria Feodorovna (1847-1928)
Romanovs,H,Alexandra Feodorovna (1872-1918)
Greek Royalty,T2,George I (1845-1913)
Greek Royalty,H,Sophia of Prussia (1870-1932)
Greek Royalty,H,Princess Alice of Battenberg (1885-1969)
Greek Royalty,H,Alexander (1893-1920)
Greek Royalty,H,George II (1890-1947)
Greek Royalty,H,Paul (1901-1964)
Greek Royalty,H,Anne-Marie (1946-)
Greek Royalty,H,"Pavlos, Crown Prince of Greece (1967-)"
Romanian Royalty,H,Ferdinand I (1865-1927)
Romanian Royalty,H,Michael (1921-)
Polish Royalty,H,Boleslaw I Chrobry (967-1025)
Polish Royalty,H,Catherine of Austria (1533-1572)
Polish Royalty,H,Anna of Austria (1573-1598)
Polish Royalty,H,Wladyslaw IV Vasa (1595-1648)
Polish Royalty,H,Constance of Austria (1588-1631)
Polish Royalty,H,John II Casimir Vasa (1609-1672)
Polish Royalty,H,Eleonora Maria Josefa of Austria (1653-1697)
Polish Royalty,T2,Elisabeth of Austria (1436-1505)
Polish Royalty,T2,John I Albert (1459-1501)
Polish Royalty,T2,Alexander Jagiellon (1461-1506)
Polish Royalty,T2,Sigismund I of Poland (1467-1548)
Polish Royalty,N1b,Marie Louise Gonzaga (1611-1667)
Polish Royalty,N1b,Marie Therese de Bourbon (1666-1732)
Portuguese Royalty,H,Maria II (1819-1853)
Portuguese Royalty,H,Pedro V (1837-1861)
Portuguese Royalty,H,Luis I (1838-1889)
Spanish Royalty,U5b,Philip I of Castile (1478-1506)
Spanish Royalty,H,Margaret of Austria (1584-1611)
Spanish Royalty,H,Philip IV (1605-1665)
Spanish Royalty,H,Elisabeth of France (1602-1644)
Spanish Royalty,H,Mariana of Austria (1634-1696)
Spanish Royalty,H,Charles II (1661-1700)
Spanish Royalty,H,Marie Louise of Orleans (1662-1689)
Spanish Royalty,H,Maria Luisa of Savoy (1688-1714)
Spanish Royalty,H,Ferdinand VI (1713-1759)
Spanish Royalty,H,Isabella II (1830-1904)
Spanish Royalty,H,Alfonso XII (1857-1885)
Spanish Royalty,H,Victoria Eugenie of Battenberg (1887-1969)
Spanish Royalty,H,Sofia (1938-)
Spanish Royalty,H,"Felipe, Prince of Asturias (1968-)"
Spanish Royalty,N1b,Maria Amalia of Saxony (1724-1760)
Spanish Royalty,N1b,Charles IV of Spain (1748-1819)
Spanish Royalty,H3,Maria Josepha of Saxony (1803-1829)
Sardinian Royalty,H,Charles Emmanuel III of Sardinia (1701-1773)
Sardinian Royalty,H3,Marie Christina of the Two Sicilies (1779-1849)
Sardinian Royalty,H3,Maria Theresa of Tuscany (1801-1855)
Italian Royalty,H3,Victor Emmanuel II (1820-1878)
Grand Duke of Tuscany,H,Archduchess Joanna of Austria (1547-1578)
Grand Duke of Tuscany,H,Ferdinando II de' Medici (1610-1670)
French Royalty,Z1a,"Ingeborg of Denmark, Queen of France (1175-1236)"
French Royalty,U5b,Francis I (1494-1547)
French Royalty,U5b,Henry IV (1553-1610)
French Royalty,H,Marie de' Medici (1575-1642)
French Royalty,H,Louis XIII (1601-1643)
French Royalty,H,Maria Theresa of Spain (1638-1683)
French Royalty,H,"Louis, Dauphin of France (1661-1711)"
French Royalty,H,Louis XV (1710-1774)
French Royalty,N1b,Louis XVI (1754-1793)
French Royalty,N1b,Louis XVIII of France (1755-1824)
French Royalty,N1b,Charles X of France (1757-1836)
French Royalty,H3,Marie-Antoinette (1755-1793)
French Royalty,H3,Louis XVII (1785-1795)
French Royalty,H3,Marie Louise of Austria (1791-1847)
French Royalty,H3,Maria Amalia of the Two Sicilies (1782-1866)
Belgian Royalty,H,Leopold I (1790-1865)
Belgian Royalty,H3,Marie-Louise of France (1812-1850)
Belgian Royalty,H3,Leopold II (1835-1909)
Belgian Royalty,H3,Charlotte of Belgium (1840-1927)
Grand Duke of Luxembourg,H3,William I (1772-1843)
Stadtholder of Holland and Zeeland,T2,"Maurice of Nassau, Prince of Orange (1567-1625)"
Kings of Saxony,H3,Frederick Augustus II (1797-1854)
Kings of Saxony,H3,John I (1801-1873)
Prussian Royalty,T2,Frederick William I of Prussia (1688-1740)
Prussian Royalty,H3,Elisabeth Christine of Brunswick-Bevern (1715-1797)
Prussian Royalty,H3,Frederick William II (1744-1797)
Prussian Royalty,H,Victoria of Prussia (1840-1901)
Prussian Royalty,H,Wilhelm II (1859-1941)
Bohemian Royalty,H,Boleslaus II the Pious (920-999)
Bohemian Royalty,H,Anne of Bohemia and Hungary (1503-1546)
Bohemian Royalty,H,Ferdinand IV of Bohemia and Hungary (1633-1654)
Bohemian Royalty,U5b,Henry VI of Carinthia (1270-1335)
Bohemian Royalty,U5b,Rudolf I of Habsburg (1282-1307)
Bohemian Royalty,U5b,Joanna of Bavaria (1362-1386)
Bohemian Royalty,U5b,Albert II of Germany (1397-1439)
Bohemian Royalty,T2,Elisabeth of Bohemia (1409-1442)
Bohemian Royalty,T2,Vladislas II of Bohemia and Hungary (1456-1516)
Bohemian Royalty,T2,Elizabeth Stuart (1596-1662)
Bohemian Royalty,N1b,Maria Amalia of Austria (1701-1756)
Bohemian Royalty,N1b,Maria Luisa of Spain (1745-1792)
Bavarian Royalty,U5b,"Louis II, Duke of Bavaria (1229-1294)"
Bavarian Royalty,U5b,"Henry XIII, Duke of Bavaria (1235-1290)"
Bavarian Royalty,U5b,"William II, Duke of Bavaria, Count of Holland, Zeeland and Hainaut (1365-1417)"
Bavarian Royalty,U5b,Albert II (1369-1397)
Bavarian Royalty,U5b,"John III, Duke of Bavaria-Straubing, Count of Holland and Hainaut (1374-1425)"
Bavarian Royalty,U5b,"Louis IX, Duke of Bavaria-Landshut (1417-1479)"
German Royalty,U5b,Elisabeth of Bavaria (1227-1273)
German Royalty,U5b,Elizabeth of Carinthia (1262-1312)
German Royalty,U5b,"Frederick the Fair, Duke of Austria and King of Germany (1289-1330)"
German Royalty,U5b,"Joanna of Bavaria, Queen of Germany and Bohemia (1362-1386)"
German Royalty,U5b,Albert II of Germany (1397-1439)
Holy Roman Empire,T2,Barbara of Celje (1390-1451)
Holy Roman Empire,H,Maximilian II of Habsburg (1527-1576)
Holy Roman Empire,H,Ferdinand II of Habsburg (1578-1637)
Holy Roman Empire,H,Leopold I of Habsburg (1640-1705)
Holy Roman Empire,N1b,Maria Amalia of Austria (1701-1756)
Holy Roman Empire,N1b,Maria Josepha of Bavaria (1739-1767)
Holy Roman Empire,N1b,Maria Luisa of Spain (1745-1792)
Holy Roman Empire,N1b,"Francis II, Holy Roman Emperor (1768-1835)"
Holy Roman Empire,H3,Leopold II of Habsburg (1747-1792)
Austrian Royalty,U5b,"Rudolf I of Habsburg, Duke of Austria and Styria, King of Bohemia, and titular King of Poland (1282-1307)"
Austrian Royalty,U5b,"Frederick I the Fair, Duke of Austria and Styria, and King of Germany (1289-1330)"
Austrian Royalty,U5b,"Leopold I of Habsburg, Duke of Austria and Styria (1290-1326)"
Austrian Royalty,U5b,"Albert II of Habsburg, Duke of Austria (1298-1358)"
Austrian Royalty,U5b,"Otto I of Habsburg, Duke of Austria (1301-1339)"
Austrian Royalty,U5b,"Albert II, King of Germany and Archduke of Austria (1397-1439)"
Austrian Royalty,H3,Maria Theresa (1717-1780)
Austrian Royalty,H3,Joseph II (1741-1790)
Austrian Royalty,H3,Ferdinand I (1793-1875)
Austrian Royalty,H3,Maria Leopoldina of Austria (1797-1826)
Austrian Royalty,N1b,"Francis II, Holy Roman Emperor (1768-1835)"
Austrian Royalty,H,Charles I (1887-1922)
Swedish Royalty,Z1a,"Richeza of Poland, Queen of Sweden (1116-1156)"
Swedish Royalty,Z1a,Valdemar I of Sweden (1239-1302)
Swedish Royalty,Z1a,Magnus III of Sweden (1240-1290)
Swedish Royalty,T2,Gustav II Adolf (1594-1632)
Swedish Royalty,T2,Charles X Gustav (1622-1660)
Swedish Royalty,H,Olof Skötkonung (980-1022)
Swedish Royalty,H,Christina of Sweden (1626-1689)
Swedish Royalty,H,Margaret of Connaught (1882-1920)
Swedish Royalty,H,Louise Mountbatten (1889-1965)
Swedish Royalty,H,Ingrid (1910-2000)
Swedish Royalty,H,Carl XVI Gustaf (1946-)
Norwegian Royalty,Z1a,"Rikissa Birgersdotter of Sweden, Queen of Norway (1237-1288)"
Norwegian Royalty,T2,Olav V (1903-1991)
Danish Royalty,H,Sigrid the Haughty (968-1014)
Danish Royalty,H,Harald II (980-1018)
Danish Royalty,H,Canute the Great (994-1035)
Danish Royalty,H,Sweyn II Estridson (1019-1076)
Danish Royalty,H,Margrethe II (1940-)
Danish Royalty,Z1a,Canute V of Denmark (1129-1157)
Danish Royalty,Z1a,"Sophia of Minsk, Queen consort of Denmark (1140-1198)"
Danish Royalty,Z1a,King Canute VI of Denmark (1163-1202)
Danish Royalty,Z1a,King Valdemar II of Denmark (1170-1241)
Danish Royalty,Z1a,Queen Richeza of Denmark (1190-1220)
Danish Royalty,T2,Elizabeth (1524-1586)
Danish Royalty,T2,Anne (1574-1619)
Danish Royalty,T2,Christian III
Danish Royalty,T2,Christian IV
Danish Royalty,T2,Frederick VI
Danish Royalty,T2,Christian VIII
Danish Royalty,T2,Frederick VIII (1843-1912)
Danish Royalty,H3,Juliana Maria of Braunschweig-Wolfenbüttel (1729-1796)
Scottish Royalty,U5b,James III (1451-1488)
English Royalty,T2,Charles I (1600-1649)
English Royalty,T2,George I (1660-1727)
English Royalty,T2,George III (1738-1820)
English Royalty,T2,Alexandra of Denmark (1844-1925)
English Royalty,T2,George V (1865-1936)
English Royalty,H,Henrietta Maria of France (1609-1669)
English Royalty,H,Charles II (1630-1685)
English Royalty,H,James II (1633-1701)
English Royalty,H,William III (1650-1702)
English Royalty,H,Victoria (1819-1901)
English Royalty,H,Edward VII (1841-1910)
English Royalty,H,"Prince Philip, Duke of Edinburgh"
English Royalty,J1c2c,Edward IV (1442-1483)
English Royalty,J1c2c,Richard III (1452-1485)
English Royalty,R30b,"Prince William, Duke of Cambridge"
Famous People,H,Napoleon I (1769-1821)
Famous People,H3,Napoleon II (1811-1832)
Danish Royalty,H,"Birger Magnusson (royal house of Bjelbo, d. 1266)"
Danish Royalty,Z1a,"Erik, son of Birger (royal house of Bjelbo, d. 1275)"
Danish Royalty,U5b1,Mechtild of Holstein (d. 1288)