Category,mtDNA,Individual,,
Ancient Egypt,E1b1a,Ramesses III (1217 BC-1155 BC),,
Arpad Dynasty,R1a1a1b2a2a1,Bela III,,
Arpad Dynasty,R1a1a1b2a2a1,Emeric,,
Arpad Dynasty,R1a1a1b2a2a1,Ladislaus III,,
Arpad Dynasty,R1a1a1b2a2a1,Andrew II,,
Arpad Dynasty,R1a1a1b2a2a1,Bela IV,,
Arpad Dynasty,R1a1a1b2a2a1,Stephen V,,
Arpad Dynasty,R1a1a1b2a2a1,Ladislaus IV,,
Arpad Dynasty,R1a1a1b2a2a1,"Andrew, Duke of Slavonia",,
Austrian Royalty,R1b1a1b1a1a2b1,Habsburg Family,,
Austrian Royalty,R1b,"Leopold I, Margrave of Austria (died 994)",,
Austrian Royalty,R1b,"Henry I, Margrave of Austria (died 1018)",,
Austrian Royalty,R1b,"Adalbert, Margrave of Austria (985-1055)",,
Austrian Royalty,R1b,"Ernest, Margrave of Austria (1027-1075)",,
Austrian Royalty,R1b,"Leopold II, Margrave of Austria (1050-1095)",,
Austrian Royalty,R1b,"Leopold III, Margrave of Austria (1073-1136)",,
Austrian Royalty,R1b,"Leopold IV, Margrave of Austria, aka Leopold I, Duke of Bavaria (1108-1141)",,
Austrian Royalty,R1b,"Henry II, Duke of Austria, aka Henry XI, also Duke of Bavaria (1107-1177)",,
Austrian Royalty,R1b,"Leopold V, Duke of Austria (1157-1194)",,
Austrian Royalty,R1b,"Frederick I, Duke of Austria (1175-1198)",,
Austrian Royalty,R1b,"Leopold VI, Duke of Austria (1176-1230)",,
Austrian Royalty,R1b,"Frederick II, Duke of Austria (1211-1246)",,
Belgian Royalty,R1b1a1b1a1a1a,Leopold I (1790-1865),,
Belgian Royalty,R1b1a1b1a1a1a,Leopold II (1835-1909),,
Belgian Royalty,R1b1a1b1a1a1a,Albert I (1875-1934),,
Belgian Royalty,R1b1a1b1a1a1a,Leopold III (1901-1983),,
Belgian Royalty,R1b1a1b1a1a1a,Baldwin I (1930-1993),,
Belgian Royalty,R1b1a1b1a1a1a,Albert II (1934-),,
Belgian Royalty,R1b1a1b1a1a2c1a6c,House of Reginarids,,
Belgian Royalty,R1b1a1b1a1a2c1a6c,Counts of Hainaut,,
Belgian Royalty,R1b1a1b1a1a2c1a6c,Counts of Louvain and Brussels,,
Belgian Royalty,R1b1a1b1a1a2c1a6c,Dukes of Brabant and Lothier,,
Belgian Royalty,R1b1a1b1a1a2c1a6c,House of Hesse,,
Bulgarian Royalty,R1b1a1b1a1a1a,Ferdinand I (1861-1948),,
Bulgarian Royalty,R1b1a1b1a1a1a,Boris III (1894-1943),,
Bulgarian Royalty,R1b1a1b1a1a1a,Simeon II (b. 1937),,
Chinese Royalty,C-M401,"Nurhaci, Qing dynasty (1559-1626)",,
Clan Abercrombie,R1b1a1b1a1a2c1a1e,Robert Abercromby (1534),,
Clan Abercrombie,R1b1a1b1a1a2c1a1e,Sir Ralph Abercromby (1734-1801),,
Clan Abernathy,R1b1a1b1a1a2c1a,Orm de Abernethy (1170),,
Clan Adams,R1b1a1b1a1a3a1,Adam abbot of Cupar (1189),,
Clan Adams,R1b1a1b1a1a3a1,Adam abbot of Newbattle (1201),,
Clan Adams,R1b1a1b1a1a3a1,Samuel Adams (1722-1803),,
Clan Adams,R1b1a1b1a1a3a1,John Adams (1735-1826),,
Clan Adams,R1b1a1b1a1a3a1,John Quincy Adams (1767-1848),,
Clan Agnew,I2a1b1a1a1a1a1b3,Alastair (1299),,
Clan Ainslie,R1a1a1b1a1a1c1e,Thomas de Aneslei (1221),,
Clan Armstrong,R1b1a1b1a1a2,Lowland Scottish Clan Armstrong,,
Clan Armstrong,R1b1a1b1a1a2,Neil Armstrong,,
Clan Arnott,R1b1a1b1a1a2c1a1f1a2,Michael de Arnoth (1150),,
Clan Arnott,R1b1a1b1a1a2c1a1f1a2,David Arnot of Fyfe (1296),,
Clan Arnott,R1b1a1b1a1a2c1a1f1a2,Sir Henricus de Arnot (1395),,
Clan Baird,R1a1a1b1a3a1a,Richard Baird (1390),,
Clan Barclay,I2a1a1a1a1a1a1,Barclay de Tolly,,
Clan Barclay,I2a1a1a1a1a1a1,Michael Andreas Barclay de Tolly (1761-1818),,
Clan Barrett,R1b1a1b1a1a2c1a2b2b,John Baret (1086),,
Clan Barron,R1b1a1b1a1a1c1a2b,Bonaventure Baron (1610-1696),,
Clan Baxter,R1b1a1b1a1a2c1a6c,Reginar Longneck Count of Hainaut (850),,
Clan Baxter,R1b1a1b1a1a2c1a6c,William Baxtare (1312),,
Clan Bayne,R1b1a1b1a1a2c1a1h1,Donald Mackay (1370),,
Clan Bell,R1b1a1b1a1a1c2b2a1b1a1a1,Adam and Richard Belle (1296),,
Clan Bissett,R1b1a1b1a1a2c1a2a1a,Walter Byset Lord of Aboyne (1242),,
Clan Blair,R1b1a1b1b3a1a1b,John Francis de Blair (1165-1214),,
Clan Boggs,R1b1a1b1a1a2c1a5a2a1a1,Robert Boggs (1712),,
Clan Boyd,R1b1a1b1a1a1c2a1c2,Lord Boyd (1454),,
Clan Boyd,R1b1a1b1a1a1c2a1c2,Earl of Kilmarnock (1661-1746),,
Clan Boyle,R1b1a1b1a1a2a1b1a1,Earls of Glasgow,,
Clan Brodie,R1b1a1b1a1a2c1a1f1a,Malcolm Brodie (1249-1285),,
Clan Bruce,I1a1a4a1a1b2a,Robert the Bruce,,
Clan Bruce,I1a1a4a1a1b2a,David II of Scotland,,
Clan Bruce,I1a1a4a1a1b2a,Edward Bruce,,
Clan Bruce,I1a1a4a1a1b2a,Lords of Annandale (1124),,
Clan Bruce,I1a1a4a1a1b2a,Barons of Clackmannan,,
Clan Bruce,I1a1a4a1a1b2a,Lords Bruce of Kinloss (1608),,
Clan Bruce,I1a1a4a1a1b2a,Earls of Elgin (1633),,
Clan Bruce,I1a1a4a1a1b2a,Earls of Kincardine (1647),,
Clan Bryant,R1b1a1b1a1a2c1a4b2a1a,Murchadh Carrach O Briain (1543),,
Clan Buchanan,R1b1a1b1a1a2c1a1f1,Anselan O Kyan King of North Ulster (1016),,
Clan Buchanan,R1b1a1b1a1a2c1a1f1,Sir Alexander Buchanan (1424),,
Clan Buchanan,R1b1a1b1a1a2c1a1f1,Sir George Buchanan (1650),,
Clan Burke,R1a1a1b1a2b3a3a1a2c2a,William de Burgh (1160-1206),,
Clan Burnett,I1a2b1b,Alexander Burnard (1323),,
Clan Butler,R1b1a1b1a1a2c1a4b2a1,Theobald Walter (1205),,
Clan Calder,R1b1a1b1a1a2c1b2a,Hugo de Cadella (1178),,
Clan Cameron,R1b1a1b1a1a2c1a4d1,Cameron of Lochiel,,
Clan Cameron,R1b1a1b1a1a2c1a4d1,Donal Dubh,,
Clan Campbell,R1b1a1b1a1a2c1a1f1c1,Lord Campbell (1445),,
Clan Campbell,R1b1a1b1a1a2c1a1f1c1,Earl of Argyll (1457),,
Clan Campbell,R1b1a1b1a1a2c1a1f1c1,Marquess of Argyll (1641),,
Clan Campbell,R1b1a1b1a1a2c1a1f1c1,Duke of Argyll (1701-present),,
Clan Campbell,R1b1a1b1a1a2c1a1f1c1,Earls of Loudoun (1633-1786),,
Clan Carmichael,R1b1a1b1a1a2a1b2,Robert de Carmichael (1226),,
Clan Carnegie,R1b1a1b1a1a1b1a1a,Duthac de Carnegie (1401),,
Clan Carroll,R1b1a1b1a1a2c1a5d,Domhnall OCarroll King of Ely (1241),,
Clan Carruthers,I1a1b1b,Nigel de Karruthers (1380),,
Clan Carruthers,I1a1b1b,Sir Simon Carruthers (1548),,
Clan Cathcart,R1b1a1b1a1a2a,Rainaldus de Kethcart (1178),,
Clan Cathcart,R1b1a1b1a1a2a,William de Cathcart (1296),,
Clan Cathcart,R1b1a1b1a1a2a,Alan Cathcart 4th Lord Cathcart (1568),,
Clan Chalmers,I2a1b1a1b1a1a1,Herbertus Great Chamberlain of Scotland (1124-1153),,
Clan Chaomanach,R1b1a1b1a1a2c1a4a,Donal Kavanagh (1171-1175),,
Clan Charron,R1b1a1b1a1a2b1c1b1,Sir Caron de Bosdegas (1351),,
Clan Chattan,I2a1b1a1a1a1a1b,Dougal Dal (1291),,
Clan Cheyne,R1b1a1b1a1a2b1a1,Sir Reginald le Chain (1350),,
Clan Chisholm,I1a1b1a1e2e,Sir Robert de Cheseholme (1359),,
Clan Christie,R1b1a1b1a1a2c1a4b4a1a1,Thomas Christie (1773-1829),,
Clan Cochrane,R1a1a1b1a3a1b3c1b,Waldenus De Cochrane (1240-1300),,
Clan Cochrane,R1a1a1b1a3a1b3c1b,Earl of Dundonald (1669-present),,
Clan Cockburn,R1b1a1b1a1a1b1a1a,Sir Roberto de Cokeburn (1261),,
Clan Cogan,R1b1a1b1a1a2c1a1a1a1a1a1a1a1a,Milo de Cogan (1182),,
Clan Colquhoun,E1b1b1a1b1a14a,John Calhoun (1782-1850),,
Clan Comyn,R1b1a1b1a1a2c1a4b2c1,Richard Comyn (1115-1179),,
Clan Costello,R1b1a1b1a1a2c1a4b2a1,Gilbert de Nangle (1193),,
Clan Cotter,R1b1a1b1a1a1c2b1b4d,Ottar King of Dublin (1142),,
Clan Coyne,R1b1a1b1a1a2c1a1a1a1a1b1,Joseph Sterling Coyne (1803-1868),,
Clan Craig,I2a1b1a2b1a1a1a1,Johannes Del Crag (1335),,
Clan Crawford,R1b1a1b1a1a2b1a1,Sir Reginald Crawford (1296),,
Clan Crowley,R1b1a1b1a1a2c1a3a2a1b1a,Auliff OCrowley (1488),,
Clan Cunningham,R1b1a1b1a1a1c2b2b1a,Warnebald (1135),,
Clan Currie,R1b1a1b1a1a1c1a1,Piers de Curry (1263),,
Clan Darroch,R1b1a1b1a1a2c1a5a2a2a,John Darroch (1406),,
Clan Davidson,I1a2a2a4b2c2,Henry Davidson (1762),,
Clan Devlin,R1b1a1b1a1a2c1a1a1a1a1a1a2c,ODevlin Bishop of Kells (1211),,
Clan Dillon,R1b1a1b1a1a2c1a2b2b1,Sir Henry de Leon (1169),,
Clan Doherty,R1b1a1b1a1a2c1a1a1a1a1a1a1a1a2a,Donagh Dochartach (900),,
Clan Donnachaidh,R1b1a1b1a1a2b,Donnachaidh Reamhar (1306),,
Clan Donnachaidh,R1b1a1b1a1a2b,Robert Riabhach Duncanson (1406),,
Clan Donnachaidh,R1b1a1b1a1a2b,Alexander Robertson (1645),,
Clan Douglas,E1b1b1a1b1a10b,Alexander Douglas (1625),,
Clan Drummond,R1b1a1b1a1a2c1a2a2a1e,Lord Drummond of Cargill (1488),,
Clan Drummond,R1b1a1b1a1a2c1a2a2a1e,Earl of Perth (1605-present),,
Clan Drummond,R1b1a1b1a1a2c1a2a2a1e,Duke of Perth (1716-1800),,
Clan Dunbar,R1b1a1b1a1a1b1a1a,Gospatric Earl of Northumbria (1073),,
Clan Dundas,R1b1a1b1a1a2c1a1e,Serie de Dundas (1296),,
Clan Dunn,R1b1a1b1a1a2c1a1a1a1a1c1,Gillananaomh ODuinn (1102-1160),,
Clan Durie,I2a1b1a1a1a,Duncan de Dury (1258),,
Clan Dwyer,R1b1a1b1a1a2a,Dubhuir mac Spealain (183),,
Clan Elliott,R1b1a1b1a1a2c1a2a2a1d1,Gilbert Scott Elliot (1364),,
Clan Erskine,R1b1a1b1a1a2b2,John Erskine 19th Earl of Mar (1558-1634),,
Clan Eustace,I1a2a1a1a1a2b,Bishop of Ely (1215),,
Clan Ewing,R1b1a1b1a1a2c1a1a1a1a1a1a2b3,Donnsleibhe (1036),,
Clan Falconer,I1a2a1a1a,William the Falconer (1200),,
Clan Farquharson,R1b1a1b1a1a2c1a4b3,Finla Mor (1547),,
Clan Fergusson,I2a1b1a1a1a1a1b5,Fergus Fergusson (1314),,
Clan Fitzgerald,R1b1a1b1a1a2c1a3a2a1b1a2,Gerald of Windsor (1075-1135),,
Clan FitzRandolph,R1b1a1b1a1a2b3c,Count Eudon Penteur (999-1079),,
Clan FitzRandolph,R1b1a1b1a1a2b3c,Randulf (1129),,
Clan FitzRandolph,R1b1a1b1a1a2b3c,Richard FitzRalph (1360),,
Clan Fletcher,R1b1a1b1a1a2c1a4b2c1a1a,Andrew Fletcher of Saltoun (1653-1716),,
Clan Fraser,R1b1a1b1a1a2c1a1e1,Simon Fraser (1306),,
Clan Galbraith,R1b1a1b1a1a1c2b1b,Gilchrist Bretnach,,
Clan Galbraith,R1b1a1b1a1a1c2b1b,Sir William Galbraith of Buthernock (1255),,
Clan Gillon,R1b1a1b1a1a2a1b1a1a,Gilbert McGillelane (1324-1371),,
Clan Glen,R1b1a1b1a1a1c2b3c2a,Colban del Glen (1328),,
Clan Gordon,R1b1a1b1a1a1e1b,Alexander Seton (1408),,
Clan Gordon,R1b1a1b1a1a1e1b,Alexaneder Gordon 1st Earl of Huntly (1470),,
Clan Gordon,R1b1a1b1a1a1e1b,Marquesses of Huntly (1599-present),,
Clan Gordon,R1b1a1b1a1a1e1b,Dukes of Gordon (1684-1836),,
Clan Gordon,R1b1a1b1a1a1e1b,Earls of Aberdeen (1682),,
Clan Gordon,R1b1a1b1a1a1e1b,Marquesses of Aberdeen and Temair (1916-present),,
Clan Graham,J1a1b1b1a2a1a1a1a,Clan Graham,,
Clan Grant,R1b1a1b1a1a2e1,Duncan Grant of Freuchie (1413-1485),,
Clan Grant,R1b1a1b1a1a2e1,Earls of Seafield (1701-present),,
Clan Grant,R1b1a1b1a1a2e1,Barons Strathspey (1858-present),,
Clan Gray,R1b1a1b1a1a2c1a1f1a,Fulbert de Gray (1066),,
Clan Greer,R1b1a1b1a1a2c1a1a1a1a1a1a5,Gilbert Grierson (1420),,
Clan Gunn,R1b1a1b1a1a1b1a,George Gunn Coroner of Caithness (1380-1464),,
Clan Guthrie,R1b1a1b1a1a2c1a5b,Alexander Guthrie (1442),,
Clan Haldane,I2a1b1a1a1a1a,Aylmer Haldane (1296),,
Clan Hamilton,I1a2a1a1a4,Walter fitz Gilbert of Hambledon,,
Clan Hamilton,I1a2a1a1a4,Laird of Cadzow (1315),,
Clan Hamilton,I1a2a1a1a4,Lord Hamilton (1445),,
Clan Hamilton,I1a2a1a1a4,Earl of Arran (1503),,
Clan Hamilton,I1a2a1a1a4,Marquess of Hamilton (1599),,
Clan Hamilton,I1a2a1a1a4,Duke of Hamilton (1643),,
Clan Hay,R1b1a1b1a1a2b1,William II de Haya (1160),,
Clan Hepburn,R1b1a1b1a1a2c1a1f1a,Sir Patrick Hepburn (1388),,
Clan Heron,R1b1a1b1a1a2c1a5b1a1a2b1,Tihel de Heron (1066),,
Clan Hodnett,R1b1a1b1a1a2c1a5b1a1a4a,William de Hodenet (1272),,
Clan Hogg,I1a2b3a1b1a2,Salomon del Hoga (1270),,
Clan Home,R1a1a1b1a3a1a1,Cospatric I Anglo-Danish Earl of Northumbria (1073),,
Clan Home,R1a1a1b1a3a1a1,Earl of Home (1605-present),,
Clan Houston,R1b1a1b1a1a2c1a3c,Sir Finlay de Hustone (1296),,
Clan Hunter,R1b1a1b1a1a2b1a1,Aylmer le Hunter (1296),,
Clan Irwin,R1b1a1b1a1a2c1a1e1,Scottish Clan,,
Clan Johnstone,R1b1a1b1a1a2c1a3a2,John Johnstone (1194),,
Clan Jordan,R1b1a1b1a1a2a5,Jordan de Exeter (1239-1258),,
Clan Keating,R1b1a1b1a1a2c1a4b2b1,Geoffrey Keating (1569-1644),,
Clan Keith,R1b1a1b1a1a2c1a5c1b1a,Sir Robert de Keith (1316),,
Clan Kelly,R1b1a1b1a1a2c1a1a1a1a1a1a2,Cellach mac Fionachta (850),,
Clan Kennedy,R1b1a1b1a1a2c1a2a2a,John Kennedy of Dunure (1372),,
Clan Kerr,R1b1a1b1a1a2c1a1a2a,William Ker of Kersland joined Wallace (1296),,
Clan Kirkpatrick,E1b1b1a1b1a14a,Sir Roger Kirkpatrick (1357),,
Clan Laing,E1b1b1b1a1,Thomas Laing (1357),,
Clan Laing,E1b1b1b1a1,Archibald Layng (1502),,
Clan Lamont,R1b1a1b1a1a2c1a1a1a1a1a1a1,Sir Laumon (1235),,
Clan LaMont,R1b1a1b1a1a2c1a1f1a,Sir Laumon (1235),,
Clan Le Poer,I1a3g,Conmore Count of Poher (490),,
Clan Leask,R1b1a1b1a1a2c1a5b1a1a2a1a,William de Laskereske (1296),,
Clan Lennox,R1b1a1b1a1a2c1b1a,Mathew Earl of Lennox (1511),,
Clan Leslie,I1a3a1a2a1,George Leslie Earl of Rothes (1447),,
Clan Lindsay,I2a1a1b1a1b2,Sir Walter de Lindissie,,
Clan Lindsay,I2a1a1b1a1b2,Earl of Crawford (1398-present),,
Clan Lindsay,I2a1a1b1a1b2,Earl of Lindsay (1633-present),,
Clan Lindsay,I2a1a1b1a1b2,Earl of Balcarres (1651-present),,
Clan Livingstone,R1b1a1b1a1a2c1a4d2,Donn Sleibe Mac Eochada (1091),,
Clan Lockhart,R1b1a1b1a1a2c1a1a1a1a1b1,Sir Simon Locard (1300-1371),,
Clan Logan,R1b1a1b1a1a2c1a1f1a1,Phelippe de Logyn (1296),,
Clan Lyon,I1a1b1a1d,Roger de Leonne (1105),,
Clan Lyon,I1a1b1a1d,John Lyon Lord of Glamis (1340-1382),,
Clan Lyon,I1a1b1a1d,Lord Glamis (1445),,
Clan Lyon,I1a1b1a1d,Earls of Kinghorne (1606),,
Clan Lyon,I1a1b1a1d,Earls of Srathmore and Kinghorne (1677-present),,
Clan Lyon,I1a1b1a1d,Claude Bowes-Lyon,,
Clan Mac Giolla Bhrighde,I1a2a1a1a2a2a,John MacGilbride Bishop of Raphoe (1440),,
Clan Mac Gobhann,R1b1a1b1a1a2c1a1d3b1b2,Neil Gow (1727),,
Clan Mac Lochlainn,R1b1a1b1a1a2c1a1a1a1a1a1a1a1a2a,Muirchertach Mac Lochlainn (1166),,
Clan Mac Oisdealbhaigh,R1b1a1b1a1a2c1a4b2a1,Oisdealb (1193),,
Clan Mac Suibhne,R1b1a1b1a1a2c1a1f1a1,Dubhghall Mac Suibhne (1232-1262),,
Clan MacAlister,R1b1a1b1a1a2c1b1a,Alasdair Mor (1253),,
Clan MacArthur,R1b1a1b1a1a1c1,Iain MacArthur (1427),,
Clan MacAulay,R1b1a1b1a1a2a6,Kenneth MacAlpin King of the Picts (843-858),,
Clan Macbean,R1b1a1b1a1a2c1a1f1a,Gilles MacBean (1746),,
Clan MacCabe,R1b1a1b1a1a2c1a1a2a1,Sigtrygg II Silkbeard Olafsson (970-1042),,
Clan MacCabe,R1b1a1b1a1a2c1a1a2a1,Cardinal Edward McCabe (1885),,
Clan MacCallum,R1b1a1b1a1a1c1b,Ronald MacCaullum (1510),,
Clan MacCarthy,R1b1a1b1a1a2c1a5a1a,Muireadhach Mac Carthaigh (1092),,
Clan MacColl,R1b1a1b1a1a2c1a1e,Robert MKawele Lord of Karsnelohe (1370-1380),,
Clan MacColl,R1b1a1b1a1a2c1a1e,James MacKall Baron of Caithness (1545),,
Clan MacDonald,R1a1a1b1a3a,Clan MacDonald,,
Clan MacDougall,R1a1a1b1a3a1a1a,Clan MacDougall,,
Clan MacEwan,R1b1a1b1a1a2c1a5a2a1a1,Swene MacEwen (1493),,
Clan MacFarlane,R1b1a1b1a1a2c1b1a,Donnchadh Mac Pharlain (1544),,
Clan MacGillivray,R1b1a1b1a1a2c1a4b5a1,Malcolm MacGillivray (1609),,
Clan MacGregor,R1b1a1b1a1a2c1a1f1,Rob Roy MacGregor (1671-1734),,
Clan MacGregor,R1b1a1b1a1a2c1a1f1,Baronet MacGregor of MacGregor (1795-present),,
Clan MacGuire,R1b1a1b1a1a2c1a2a1a1a1b,Cormac ua Cuinn (204-244),,
Clan MacInnes,R1b1a1b1a1a2c1a1b,Aonghais Mor (1294),,
Clan MacInnes,R1b1a1b1a1a2c1a1b,Aonghais Og (1330),,
Clan MacIntyre,I1a1b1a4a2f1a1a7a,Maurice Mac Neil (1160),,
Clan MacIver,R1b1a1b1a1a2c1a2a2d,Iver MacIver of Lergachonzie (1564),,
Clan MacKay,R1b1a1b1a1a2c1a4b2c1,Iye Mackay (1210),,
Clan Mackendrick,R1b1a1b1a1a2c1a5a2a1a3,Big Henry son of Nechtan (900),,
Clan Mackenzie,R1b1a1b1a1a2c1a2a2d,Kenneth Mackenzie 1st of Kintail (1304),,
Clan Mackenzie,R1b1a1b1a1a2c1a2a2d,Earl of Seaforth (1623-1781),,
Clan Mackenzie,R1b1a1b1a1a2c1a2a2d,Earl of Cromartie (1703-1746),,
Clan Mackenzie,R1b1a1b1a1a2c1a2a2d,Alexander Mackenzie of Kintail,,
Clan MacKinnon,R1b1a1b1a1a2c1a1f1a3,Findanus (900),,
Clan MacKintosh,I2a1b1a2b1a2a3b1a1,Shaw MacDuff (1160),,
Clan MacLachlan,R1b1a1b1a1a2c1a1a1a1a1a1a2a2,Gilchrist Maclachlan (1230),,
Clan MacLaren,R1b1a1b1a1a2c1a1f1a1,Highland Scottish Clan MacLaren,,
Clan MacLean,R1b1a1b1a1a2c1a2a2a1b1,Gillean of the Battle Axe (1263),,
Clan MacLean,R1b1a1b1a1a2c1a2a2a1b1,Lachlan Lubanach Maclean (1325-1405),,
Clan MacLellan,R1b1a1b1a1a2c1a1d3b1b1,Duncan MacLellan (1217),,
Clan MacLennan,R1b1a1b1a1a2c1a1a1a1a1a1a2a2,Gille Fhinnein (1450),,
Clan MacLeod,I1a1a4a1a1b2a,Leod (1229-1237),,
Clan MacLeod,I1a1a4a1a1b2a,Torkyll MCloyd (1343),,
Clan MacLeod,I1a1a4a1a1b2a,William MacLeod of Dunvegan (1588),,
Clan MacLeod,I1a1a4a1a1b2a,Dunvegan Castle,,
Clan MacMillan,R1b1a1b1a1a1c1b,Gille Chriosd,,
Clan MacNaughten,R1b1a1b1a1a2c1a5d3a,Gilchrist Macnachten (1297),,
Clan MacNeil,R1b1a1b1a1a2a1b2,Gilleonan Macneil (1427),,
Clan MacNicol,R1b1a1b1a1a2c1a5c1b1a,Maknakill (1320),,
Clan MacPhail,R1b1a1b1a1a2c1c,Gillemore MPhale (1414),,
Clan MacPhee,R1b1a1b1a1a2c1a4d1,Malcolm Macfie of Colonsay (1615),,
Clan MacPherson,R1b1a1b1a1a2c1a2a3a,Clan MacPherson,,
Clan MacQuarrie,R1b1a1b1a1a2c1a1f1a3,John Macquarrie of Ulva (1473),,
Clan MacRae,R1b1a1b1a1a2c1a1f1a1b1,James MacRae (1677-1748),,
Clan MacTavish,R1b1a1b1a1a2c1a1f1c,Sir Thomas Cambel (1292),,
Clan MacThomas,R1b1a1b1a1a1b,Thomas Tomaidh Mor (1430),,
Clan Madden,R1b1a1b1a1a2c1a4b,Madudan mac Gadhra Mor (-1008),,
Clan Magennis,R1b1a1b1a1a2c1a2a1a1a1,Aedh Mor Magennis (1153),,
Clan Makgill,R1b1a1b1a1a2c1a1f1b,Maurice Macgeil (1231),,
Clan Mar,R1b1a1b1a1a2c1a5c3b1a3a,"Donald, Mormaer of Mar (1014)",,
Clan Marjoribanks,R1b1a1b1a1a1c2b2a1b1a1a1,Philip de Merioribankis de eodem (1485),,
Clan Matheson,R1b1a1b1a1a2c1a4b2b1a,Kenneth Mac Alpin King of Scotland (810-858),,
Clan Maxwell,R1b1a1b1a1a1f1,Maccus (1120),,
Clan Maxwell,R1b1a1b1a1a1f1,Sir Herbert Maxwell (1296),,
Clan McBurney,R1b1a1b1a1a2c1a1d3b1a,Ralph de Bernai (1086),,
Clan McBurney,R1b1a1b1a1a2c1a1d3b1a,William de Byrneth (1360),,
Clan McCorquodale,R1b1a1b1a1a2c1a5a2a1a3,Thorkil (841-850),,
Clan McDonnell,R1b1a1b1a1a2c1a5d3a1a,Mac Dhomhnaill (1427),,
Clan McMonagle,R1b1a1b1a1a2c1a1a1a1a1a1a1a1a2,Bishop Patrick Mac Moengal (1366),,
Clan McNab,R1b1a1b1a1a2c1a1a1a1a1,Fergus Mac Echdach (778),,
Clan McNamara,R1b1a1b1a1a2c1a4b2a1,Chieftain Cumara (1099),,
Clan McQueen,R1b1a1b1a1a2c1a2b2b1,Domhnall Mac Raghnuill (1250),,
Clan McQuillan,R1b1a1b1a1a2c1a5d3a1a,Hugelin de Mandeville,,
Clan Menzies,R1b1a1b1a1a2c1a6,Sir Robert de Myneris (1237),,
Clan Mercer,R1b1a1b1b3a1a1b,Aleumnus Mercer (1244),,
Clan Middleton,R1b1a1b1a1a1c2b1b3,Robert de Middleton (1296),,
Clan Moffat,R1b1a1b1a1a1c2b2a1b1a1a1,Nicholas de Moffat (1286),,
Clan Montgomery,J2a1a2b2a2b2a2b,Alexander Montgomerie 1st Lord Montgomerie (1470),,
Clan Montgomery,J2a1a2b2a2b2a2b,Earl of Eglinton (1508-present),,
Clan Montgomery,J2a1a2b2a2b2a2b,Earl of Winton (1859-present),,
Clan Mooney,R1b1a1b1a1a2c1a5a2a1a1,Rory OMooney (1556),,
Clan Moore,R1b1a1b1a1a2c1a5b1a1a2a1,William de More (1086),,
Clan Morrison,R1b1a1b1a1a2c1a5b1a1a3a3,Hutcheon Morrison (1550),,
Clan Mowat,I1a1b1a,William de Monte Alto (1219),,
Clan Munro,I2a1a2a1b1a2b,Munros of Foulis,,
Clan Munro,I2a1a2a1b1a2b,James Monroe (1758-1831),,
Clan Murray,R1b1a1b1a1a2a,Freskin of Flanders,,
Clan Murray,R1b1a1b1a1a2a,William de Moravia (1210-1248),,
Clan Murray,R1b1a1b1a1a2a,Earl of Tullibardine (1606),,
Clan Murray,R1b1a1b1a1a2a,Earl of Atholl (1629),,
Clan Murray,R1b1a1b1a1a2a,Marquess of Atholl (1676),,
Clan Murray,R1b1a1b1a1a2a,Duke of Atholl (1703),,
Clan Napier,R1b1a1b1a1a2c1a1e1,Sir Archibald Napier of Merchiston (1625),,
Clan Nesbitt,R1b1a1b1a1a2c1a5b1a1,Alexander Nisbet (1657-1725),,
Clan Newlands,R1b1a1b1a1a2c1a1a1a1a1c,Jasper Newlands (1469),,
Clan Nicolson,R1b1a1b1a1a2c1a2b2b1a,Anders Nicolassen (1263),,
Clan ODuffy,R1b1a1b1a1a2c1a5d3a1a,Murdagh ODuffy Archbishop of Tuam (1075-1150),,
Clan OFlaherty,R1b1a1b1a1a2c1a1a1a1a1a1a3a,Muireadhach ua Flaithbheartach (1034),,
Clan Ogilvie,R1b1a1b1a1a2c1a5a,Patrick de Ogilvy (1296),,
Clan OHara,R1b1a1b1a1a2c1a2b3a1,Chief Eaghra (976),,
Clan OKeeffe,R1b1a1b1a1a2c1a3a2a1a2c,Cathal mac Finguine (742),,
Clan OLeary,R1b1a1b1a1a2c1a3a2a1a2a1,Lugaid Mac Con (173-203),,
Clan Oliphant,R1b1a1b1a1a2c1a6c,Roger Olifard (1093),,
Clan ORourke,R1b1a1b1a1a2c1a1a1a1a1a1a3a,King Fergal ua Ruairc (961),,
Clan OSullivan,R1b1a1b1a1a2c1a3a2,Suilebhan mac Maolura (862),,
Clan Paden,R1b1a1b1a1a1c2c1,Hugh Pethin (1611),,
Clan Paisley,R1b1a1b1a1a1g,William Passelewe (1190),,
Clan Paterson,I1a2b1c1a,William Paterson (1446),,
Clan Paterson,I1a2b1c1a,Sir Hugh Paterson (1675),,
Clan Plunkett,R1b1a1b1a1a2c1a2a1a1a1b1,Richard Plunkett (1340-1393),,
Clan Pollock,I2a1b1a2b1a2a1a1a1a3a1,Petrus de Polos (1163),,
Clan Prendergast,R1a1a1a1b1a3a2,Maurice Lord of Prendergast (1172),,
Clan Preston,R1b1a1b1a1a1b1a1a,Alured de Preston (1222),,
Clan Preston,R1b1a1b1a1a1b1a1a,Nicol de Prestoun (1296),,
Clan Primrose,I1a1b1g3,Henry Primrose (1490),,
Clan Pringle,R1b1a1b1a1a1c2f,David Pringle (1513),,
Clan Ralston,R1b1a1b1a1a2c1a1a1a1a1a1a1,Jacobus de Rauliston (1219),,
Clan Ralston,R1b1a1b1a1a2c1a1a1a1a1a1a1,Hew de Ralstoun (1296),,
Clan Ramsay,R1b1a1b1a1a2c1a4b2c3,Simundus de Ramesie (1140),,
Clan Reynolds,R1b1a1b1a1a2c1a4b4a1a1,Eolais mac Biobhsach (900),,
Clan Riddell,R1b1a1b1a1a2c1a1i2,Gervase Ridale (1116),,
Clan Riddell,R1b1a1b1a1a2c1a1i2,Sir William Riddell (1296),,
Clan Rose,R1b1a1b1a1a2c1a2,Hugo de Ros (1290),,
Clan Ross,R1b1a1b1a1a2c1a2,Fearchar (1214-1249),,
Clan Russell,R1b1a1b1a1a1c2b2a1b1b1,Walter Russel (1164),,
Clan Russell,R1b1a1b1a1a1c2b2a1b1b1,Robert Russell (1296),,
Clan Rutherford,R1b1a1b1a1a2c1a1,Robertus Dominus de Rodyrforde (1140),,
Clan Ruthven,R1b1a1b1a1a2c1a5a2a1a1,Sir Walter Ruthven (1296),,
Clan Ryan,R1b1a1b1a1a2a,Righin mac Dubhghall (1268),,
Clan Scott,R1b1a1b1a1a1c2b2a1b1b1a1,Henricus le Scotte (1195),,
Clan Sempill,R1a1a1b1a3a1b3c1b1,Robert de Sempill (1246),,
Clan Shaw,R1b1a1b1a1a1c2b2a1b1b1a1,Shaw Macghillechrist Mhic Iain (1370),,
Clan Sinclair,R1b1a1b1a1a1c2b2a1b1a4b2a2c1a1,Earl of Orkney (1739-1479),,
Clan Sinclair,R1b1a1b1a1a1c2b2a1b1a4b2a2c1a1,Earl of Caithness (1455-present),,
Clan Skene,R1b1a1b1a1a1e2a,John de Skeen (1093),,
Clan Skene,R1b1a1b1a1a1e2a,Robert Skene (1317),,
Clan Smith,I1a1b1a4a2a,Thomas Smythe (1477),,
Clan Smith,I1a1b1a4a2a,Adam Smith (1723-1790),,
Clan Spalding,R1a1a1b1a3a2a,John de Spaldyn (1304),,
Clan Spence,R1b1a1b1a1a2c1a4a,Thomas de Spens (1296),,
Clan Stewart,R1b1a1b1a1a2c1a1a1a1a1b,Walter Flaad High Steward of Scotland (1164),,
Clan Stirling,I1a2a1a1a2a1,Thoraldus de Strivelyn (1147),,
Clan Stirling,I1a2a1a1a2a1,Alexander de Strivelyn Laird of Cadder (1304),,
Clan Stirling,I1a2a1a1a2a1,Sir John de Strivelyn (1333),,
Clan Strange,R1b1a1b1a1a2b2,Home le Estraunge (1255),,
Clan Strange,R1b1a1b1a1a2b2,Thomas de Strang (1340),,
Clan Sutherland,R1b1a1b1a1a2a,Freskin of Flanders,,
Clan Sutherland,R1b1a1b1a1a2a,William de Moravia (1210-1248),,
Clan Sutherland,R1b1a1b1a1a2a,Earl of Tullibardine (1606),,
Clan Sutherland,R1b1a1b1a1a2a,Earl of Atholl (1629),,
Clan Sutherland,R1b1a1b1a1a2a,Marquess of Atholl (1676),,
Clan Sutherland,R1b1a1b1a1a2a,Duke of Atholl (1703),,
Clan Swinton,R1a1a1b1a3a1a1,Ernulf de Swinton (1136),,
Clan Taaffe,R1b1a1b1a1a1c2a1c2,Sir William Taaffe (1601),,
Clan Thomson,I2a1b1a1a1a1a1b1,Thomas Tomaidh Mor (1450),,
Clan Thomson,I2a1b1a1a1a1a1b1,James Thomson (1700-1748),,
Clan Trotter,R1b1a1b1a1a1c2b,William Trotter of Catchelraw (1437),,
Clan Tuite,R1b1a1b1a1a2c1a1d7,John de Tuite (1302),,
Clan Urquhart,I1a1b1a1e2c4a,William de Urquhart High Sheriff of Cromarty (1325-1395),,
Clan Vans,R1b1a1b1a1a2c1a2a2a1a,William de Vaus of Direlton (1384),,
Clan Wallace,R1b1a1b1a1a1c1a1,William Wallace,,
Clan Walsh,R1b1a1b1a1a2c1a2b1a1a2a,Walter Walsh (1572),,
Clan Watson,R1b1a1b1a1a2c1a1e,John Watson (1392),,
Clan Watson,R1b1a1b1a1a2c1a1e,George Watson (1723),,
Clan Waugh,R1b1a1b1a1a2c1a1k,Robert de Wauchope (1249),,
Clan Weir,R1b1a1b1a1a2b,Radulphus de Vere (1150),,
Clan Wemyss,R1b1a1b1a1a2c1a5a,Sir John Wemyss (1421),,
Clan Wishart,R1b1a1b1a1a2a1,John Wischard (1245),,
Clann Chindfaoladh,R1b1a1b1a1a2c1a1a1a1a1a1a1a1a,Conall Gulban son of Niall of the Nine Hostages (464),,
Clann Coffey,R1b1a1b1a1a2c1a3a2a1b1b,Dermot OCoffey (1580),,
Clann Dal gCais,R1b1a1b1a1a2c1a4b2a1a1,Brian Boruma mac Cennetig (941-1014),,
Clann Deaghaidh,R1b1a1b1a1a2c1a4b2a1c,Chief Deaghaidh (934),,
Clann Laigin,R1b1a1b1a1a2c1a1a1a1a1,Labraid Loingsech High King of Ireland (369),,
Clann Mac Bradaigh,R1b1a1b1a1a2c1a4b2c1a,Thomas Brady (1752-1827),,
Clann Mac Diarmada,R1b1a1b1a1a2c1a1a1a1a1a1a2,Dermot Mac Tadhg Mor 7th King of Moylurg (1124-1159),,
Clann Mac Diarmada,R1b1a1b1a1a2c1a1a1a1a1a1a2,Tadhg Mac Diarmata (1585),,
Clann Mac Donnchada,R1b1a1b1a1a2c1a3a2a1a2d1a,Donnchad Midi High King of Ireland (733-797),,
Clann Mac Donnchada,R1b1a1b1a1a2c1a3a2a1a2d1a,Conchobar Mac Donnchada High King of Ireland (819-833),,
Clann Mac Murchadha,R1b1a1b1a1a2c1a4a1,Diarmait Mac Murchada King of Leinster (1110-1171),,
Clann Mag Samhradhain,R1b1a1b1a1a2c1a1a1a1a1a1a3a,Muireadhach mac Samhradhain (1115-1148),,
Clann McGrath,R1b1a1b1a1a2c1a1a1a1a1a1a2,Echthighern Mac Cennetig (?-950),,
Clann McGrath,R1b1a1b1a1a2c1a1a1a1a1a1a2,Craith (970),,
Clann McGrath,R1b1a1b1a1a2c1a1a1a1a1a1a2,Archbishop Miller McGrath (1523-1622),,
Clann ODomhnaill,R1b1a1b1a1a2c1a1a1a1a1a1a1,Niall Noigiallach King of Tara (405),,
Clann ODomhnaill,R1b1a1b1a1a2c1a1a1a1a1a1a1,Kings of Tyrconnell,,
Clann ODomhnaill,R1b1a1b1a1a2c1a1a1a1a1a1a1,King of Leth Cuinn,,
Clann ODuibhgeannain,R1a1a1b2a2a1d9c2a,Maine of Tethba,,
Clann ODuibhgeannain,R1a1a1b2a2a1d9c2a,Maelpeter ODuigennan Archdeacon of Breifny,,
Clann OLachtna,R1b1a1b1a1a2c1a1a1a1a1a1a,Eochaidh Muighmheadhoin King of Ireland (350 AD),,
Clann OLachtna,R1b1a1b1a1a2c1a1a1a1a1a1a,Ui Fiachrach chiefs of the Two Bats and Glen Nephin,,
Clann OLachtna,R1b1a1b1a1a2c1a1a1a1a1a1a,Conghalach OLoughlin Bishop of Corcomroe (1281),,
Clann OMaolagain,R1b1a1b1a1a2c1a1a1a1a1a1a5,Chiefs of Tir MacCarthainn,,
Clann Ui Eidersceoil,I2a1a2a1b1c1a,Lughaidh Laidhe,,
Danish Royalty,I1,Olaf II of Denmark & Norway (1370-1387),,
Danish Royalty,R1b,Christian I (1426-1481),,
Danish Royalty,R1b,John (1455-1513),,
Danish Royalty,R1b,Christian II (1481-1559),,
Danish Royalty,R1b,Frederick I,,
Danish Royalty,R1b,Christian III,,
Danish Royalty,R1b,Frederick II,,
Danish Royalty,R1b,Christian IV,,
Danish Royalty,R1b,Frederick III,,
Danish Royalty,R1b,Christian V,,
Danish Royalty,R1b,Frederick IV,,
Danish Royalty,R1b,Christian VI,,
Danish Royalty,R1b,Frederick V,,
Danish Royalty,R1b,Christian VII,,
Danish Royalty,R1b,Frederick VI,,
Danish Royalty,R1b,Christian VIII,,
Danish Royalty,R1b,Frederick VII,,
Danish Royalty,R1b,Christian IX (1818-1906),,
Danish Royalty,R1b,Frederick VIII (1843-1912),,
Danish Royalty,R1b,Christian X (1870-1947),,
Danish Royalty,R1b,Frederick IX (1899-1972),,
Dukes of Parma,R1b1b2a1a1b,House of Bourbon-Parma,,
English Royalty,G2,Richard III (1452-1485),,
English Royalty,R1b1a1b1a1a2c,James I (1566-1625),,
English Royalty,R1b1a1b1a1a2c,Charles I (1600-1649),,
English Royalty,R1b1a1b1a1a2c,Charles II (1630-1685),,
English Royalty,R1b1a1b1a1a2c,James II (1633-1701),,
English Royalty,R1b1a1b1a1a1c1a1,Edward VII (1841-1910),,
English Royalty,R1b1a1b1a1a1c1a1,George V (1865-1936),,
English Royalty,R1b1a1b1a1a1c1a1,Edward VIII (1894-1972),,
English Royalty,R1b1a1b1a1a1c1a1,George VI (1895-1952),,
English Royalty,R1b,"Prince Philip, Duke of Edinburgh",,
English Royalty,R1b,"Charles, Prince of Wales",,
English Royalty,R1b,"Prince William, Duke of Cambridge",,
English Royalty,I2a1b1a1a1b,House of Clinton,,
English Royalty,I2a1b1a1a1b,Sir John de Clinton 1st Baron Clinton,,
English Royalty,I2a1b1a1a1b,Earls of Lincoln (1572-present),,
English Royalty,I2a1b1a1a1b,Dukes of Newcastle-under-Lyne (1768-1988),,
English Royalty,I2a1b1a1a1b,Sir Henry Clinton (1730-1795),,
Famous People,I1,"Birger Magnusson (Royal house of Bjelbo, d. 1266)",,
Famous People,I1,"Erik, son of Birger (Royal house of Bjelbo, d. 1275)",,
Famous People,D1b1a2b1a1,Emperor Higashiyama,,
Famous People,O2a2b1a1a1c,Hata Clan Japan,,
Famous People,E1b1b1b2a1a,Napoleon I (1769-1821),,
Famous People,I2a2a,Napoleon III,,
Famous People,E1b1a,Nelson Mandela,,
Famous People,E1b1b1,Lyndon B Johnson,,
Famous People,E1b1b1,David Attenborough,,
Famous People,E1b1b1,Richard Attenborough,,
Famous People,E1b1b1a2,Orville Wright,,
Famous People,E1b1b1a2,Wilbur Wright,,
Famous People,E1b1b1a2,Albert Einstein,,
Famous People,G2a1,Joseph Stalin,,
Famous People,I1,Leo Tolstoy,,
Famous People,I1,Warren Buffett,,
Famous People,I1a,Alexander Hamilton,,
Famous People,I1,Calvin Coolidge,,
Famous People,I1,Bill Clinton,,
Famous People,I1,Sting,,
Famous People,I2a1a2b,Martin Luther,,
Famous People,I2a1a2b,Novak Djokovic,,
Famous People,I2a1a2a1b1a2b,James Monroe,,
Famous People,I2a1b1a1a1b,Bill Gates,,
Famous People,R1a1a1b1a1a1c1,Nikola Tesla,,
Famous People,I2a1b1a2b1,John Tyler,,
Famous People,I2a1b1a2b1a2,Davy Crockett,,
Famous People,I2a1b1a2b1a3a1a1a,Andrew Johnson,,
Famous People,I2a1b1a2b1a2a1a1a1a1a2,Chuck Norris,,
Famous People,I2a1b1a2b1a2a1a1a1a3a1,Steven King,,
Famous People,I2a2a1b1b1a1a1,Elvis Presley,,
Famous People,I2a2a1,Duke of Hamilton,,
Famous People,I2a2a1,Henry Luce,,
Famous People,I2a2b,Myles Standish,,
Famous People,I2a2b,Paul Reynaud,,
Famous People,R1a1a1b1a2,Max von Sydow,,
Famous People,J2a1a1a2b2a2b3a,Rothschild Family,,
Famous People,J2a1a1b2a1a,Prime Minister John Curtin,,
Famous People,R1a1a1a1d2b3,Sir Francis Drake,,
Famous People,R1a1,Tom Hanks,,
Famous People,R1b1a1b1a1a2b1,George Washington,,
Famous People,R1b1a1b1a1a2b1c1b,Abraham Lincoln,,
Famous People,R1b,John Adams,,
Famous People,R1b1,John Quincy Adams,,
Famous People,R1b,Ulysses S Grant,,
Famous People,R1b,William McKinley,,
Famous People,R1b,Woodrow Wilson,,
Famous People,R1b,Che Guevara,,
Famous People,R1b,Charles Darwin,,
French Royalty,R1b1b2a1a1b,Francis I (1494-1547),,
French Royalty,R1b1b2a1a1b,Henry IV (1553-1610),,
French Royalty,R1b1b2a1a1b,Louis XIII (1601-1643),,
French Royalty,R1b1b2a1a1b,"Louis, Dauphin of France (1661-1711)",,
French Royalty,R1b1b2a1a1b,Louis XV (1710-1774),,
French Royalty,R1b1b2a1a1b,Louis XVI (1754-1793),,
French Royalty,R1b1b2a1a1b,Louis XVII (1785-1795),,
French Royalty,R1b1b2a1a1b,Louis XVIII of France (1755-1824),,
French Royalty,R1b1b2a1a1b,Charles X of France (1757-1836),,
French Royalty,G2a,Louis XVI Relic,,
French Royalty,G2a,Henri IV Relic,,
Fujiwara Clan,O1b2a1a1,Fujiwara no Kamatari (668),,
German Royalty,I2a1b1a2a1b,House of Hohenzollern,,
German Royalty,I2a1b1a2a1b,Dukes of Prussia (1525-1701),,
German Royalty,I2a1b1a2a1b,Kings of Prussia (1701-1918),,
German Royalty,I2a1b1a2a1b,Frederick William,,
German Royalty,I2a1b1a2a1b,Frederick I,,
German Royalty,I2a1b1a2a1b,Frederick William I,,
German Royalty,I2a1b1a2a1b,German Emperors (1871-1918),,
German Royalty,I2a1b1a2a1b,William I,,
German Royalty,I2a1b1a2a1b,Frederick III,,
German Royalty,I2a1b1a2a1b,William II,,
German Royalty,R1b1a1b1a1a1c1a1,House of Wettin,,
Grand Dukes of Lithuania,N1a1,House of Gediminas (1285-1440),,
Grand Princes of Kiev,N1a1a1a1a1a1a,Vladimir II Monomakh (1053-1125),,
Grand Princes of Kiev,N1a1a1a1a1a1a,Mstislav I of Kiev (1076-1132),,
Grand Princes of Kiev,N1a1a1a1a1a1a,Yaropolk II of Kiev (1082-1139),,
Grand Princes of Kiev,N1a1a1a1a1a1a,Viacheslav I of Kiev (1083-1154),,
Grand Princes of Kiev,N1a1a1a1a1a1a,Yuri Dolgorukiy (1090-1157),,
Grand Princes of Kiev,N1a1a1a1a1a1a,Iziaslav II of Kiev (1097-1154),,
Grand Princes of Kiev,N1a1a1a1a1a1a,Rostislav I of Kiev (1110-1167),,
Grand Princes of Kiev,N1a1a1a1a1a1a,Yaroslav II of Kiev (1132-1180),,
Grand Princes of Kiev,N1a1a1a1a1a1a,Roman the Great (1152-1205),,
Grand Princes of Kiev,N1a1a1a1a1a1a,Rurik Rostislavich (-1215),,
Grand Princes of Kiev,N1a1a1a1a1a1a,Ingvar of Kiev (1152-1220),,
Grand Princes of Kiev,N1a1a1a1a1a1a,Mstislav III of Kiev (died 1223),,
Grand Princes of Kiev,N1a1a1a1a1a1a,Rostislav II of Kiev (1173-1214),,
Grand Princes of Kiev,N1a1a1a1a1a1a,Vladimir IV Rurikovich (1187-1239),,
Grand Princes of Kiev,N1a1a1a1a1a1a,Daniel of Galicia (1201-1264),,
Grand Princes of Kiev,N1a1a1a1a1a1a,Alexander Nevsky (1220-1263),,
Grand Princes of Kiev,N1a1a1a1a1a1a,Lev I of Galicia (1228-1301),,
Grand Princes of Kiev,N1a1a1a1a1a1a,Yaroslav of Tver (1230-1271),,
Grand Princes of Kiev,N1a1a1a1a1a1a,Yuri I of Galicia (1252-1308),,
Grand Princes of Kiev,N1a1a1a1a1a1a,Andrew of Galicia (?-1323),,
Grand Princes of Kiev,N1a1a1a1a1a1a,Lev II of Galicia (?-1323),,
Grand Princes of Kiev,I1a3a1,Prince Sviatopolk the Accursed (980-1019),,
Greek Royalty,R1b,George I (1845-1913),,
Greek Royalty,R1b,Constantine I (1868-1923),,
Greek Royalty,R1b,Alexander (1893-1920),,
Greek Royalty,R1b,George II (1890-1947),,
House Bruggeman,I1a2b4,Hans Bruggeman (1480-1521),,
House Cecil,R1b1a1b1a1a1c2b2b1a2,"Thomas Cecil, 1st Earl of Exeter",,
House Montfort,R1b1a1b1a1a2a1,Thurstan de Montfort III,,
House of Arsenault,R1b1a1b1a1a2a1b2,Pierre Arsenault (1646),,
House of Audley,R1b1a1b1a1a2b1,Henry de Aldithley (1175-1246),,
House of Beauchamp,R1b1a1b1a1a1c2b2a1b1a4a,John de Beauchamp (1274-1336),,
House of Bertrand,R1b1a1b1a1a2c1b,Guillaume Bertrand Lord of Venasque (1275),,
House of Bohun,R1b1a1b1a1a2c1a4a,Humphrey de Bohun (1035-1094),,
House of Bohun,R1b1a1b1a1a2c1a4a,William de Bohun (1312-1360),,
House of Boleyn,I2a1b1a2b1a2a1a,John Boleyn (1283),,
House of Boleyn,I2a1b1a2b1a2a1a,Thomas Boleyn (1477-1539),,
House of Boleyn,I2a1b1a2b1a2a1a,George Boleyn (1536),,
House of Broughton,R1b1a1b1a1a2c1a1d3b1,Sir Brian Broughton (1618-1708),,
House of Burgh,R1b1a1b1a1a2c1a1a1a1a1a1a,William de Burgh (1160-1205),,
House of Capet,J1a2b1b2c1,King Hugh Capet of France,,
House of De La Pole,R1b1a1b1a1a2b1a,William de la Pole (1290-1366),,
House of De Vere,I1a1b1a1e1a,Aubrey de Vere I (1112),,
House of Gediminid,N1a1a1a1a1a1a1a1b1a,Gediminias (1275-1341),,
House of Gediminid,N1a1a1a1a1a1a1a1b1a,Vytautas the Great (1350-1430),,
House of Gediminid,N1a1a1a1a1a1a1a1b1a,Wladyslaw II Jagiellon (1352-1434),,
House of Gediminid,N1a1a1a1a1a1a1a1b1a,Casimir IV (1427-1492),,
House of Gediminid,N1a1a1a1a1a1a1a1b1a,Sigismund I the Old (1467-1548),,
House of Giddings,G2a2a1a2,Rhys Gethin (1405),,
House of Gontaut,J1a2a1a2d2b2b2c4b1,Gontaldus de Gontaut (926),,
House of Gontaut,J1a2a1a2d2b2b2c4b1,Seigneur de Gontaut (1147),,
House of Gontaut,J1a2a1a2d2b2b2c4b1,Charles-Armand de Gontau-Biron (1663-1756),,
House of Grey,R1b1a1b1a1a2a,Anchetil de Greye (1052-1086),,
House of Grimaldi,I1a1b1a1e2,"Jacques I, Prince of Monaco (1689-1751)",,
House of Grimaldi,I1a1b1a1e2,Honoré III (1720-1795),,
House of Grimaldi,I1a1b1a1e2,Honoré IV (1758-1819),,
House of Grimaldi,I1a1b1a1e2,Florestan I (1785-1856),,
House of Grimaldi,I1a1b1a1e2,Charles III (1818-1889),,
House of Grimaldi,I1a1b1a1e2,Albert I (1848-1922),,
House of Grimaldi,I1a1b1a1e2,Louis II (1870-1949),,
House of Hastings,I1a1b1e,John Hastings Baron of Hastings (1262-1313),,
House of Hesse,R1b1a1b1a1a2c1a6c,Reginar Longneck (850-915),,
House of Hesse,R1b1a1b1a1a2c1a6c,Henry I Landgrave of Hesse (1244-1308),,
House of Howard,E1b1b1a1a1c1,Thomas Howard 2nd Duke of Norfolk (1443-1524),,
House of Lemieux,R1b1a1b1a1a1c2b2b1a,Gabriel Lemieux (1626),,
House of Liles,I1a1b1d,Warin de Lisle (1377),,
House of Lippe Detmold,R1b1a1b1a1a2,Bernhard I (1123),,
House of Lubomirski,J2b2a1a1a1b,Piotr Lubomierz (1480),,
House of Lubomirski,J2b2a1a1a1b,Stanislaw Lubomirski (1647),,
House of Mandy,R1b1a1b1a1a2e1c,William Munday (1529-1591),,
House of Marrinan,R1b1a1b1a1a2c1a5c4a2a,Randulphus de Mesniwarin (1030-1066),,
House of Marrinan,R1b1a1b1a1a2c1a5c4a2a,Sir Philip Mainwaring (1589-1661),,
House of Meerscheidt-Huellessem,I1a2a1a1a2b1a,Henricus de Merenscede (1325),,
House of Meerscheidt-Huellessem,I1a2a1a1a2b1a,Anton von Meerscheidt (1440-1498),,
House of Mortimer,I2a1b2a2d1b1b,Edmund de Mortimer (1252-1304),,
House of Mowbray,R1b1a1b1a1a1c2b2a1b1a4a1a1a,Geoffrey de Montbray (1093),,
House of Mowbray,R1b1a1b1a1a1c2b2a1b1a4a1a1a,Sir Roger de Mowbray (1120-1188),,
House of Nassau,R1b1a1b1a1a1c1a1,Dudo of Laurenburg (1125),,
House of Neville,I1a2a1a1a1a2b4b,Uhtred (1080),,
House of Newton,R1a1a1b1a3a1a9,Sir John Newton 1st Baronet of Barrs Court (1660),,
House of Newton,R1a1a1b1a3a1a9,Sir Isaac Newton (1727),,
House of Normandy,R1b1a1b1a1a2c1a6,Rollo (860),,
House of Normandy,R1b1a1b1a1a2c1a6,William the Conqueror (1028-1087),,
House of Normandy,R1b1a1b1a1a2c1a6,William Clito (1128),,
House of Percy,I2a1b1a2b1a2a1a,William de Percy (1096),,
House of Saxe-Coburg,R1b1a1b1a1a1c1a1,Ernest I Duke of Saxe-Coburg and Gotha (1784-1844),,
House of Stewart,R1b1a1b1a1a2c1a1d1a,Robert II King of Scotland (1371-1390),,
House of Stewart,R1b1a1b1a1a2c1a1d1a,Robert III (1390-1406),,
House of Stewart,R1b1a1b1a1a2c1a1d1a,James I (1406-1437),,
House of Stewart,R1b1a1b1a1a2c1a1d1a,James II (1437-1460),,
House of Stewart,R1b1a1b1a1a2c1a1d1a,James III (1460-1488),,
House of Stewart,R1b1a1b1a1a2c1a1d1a,James IV (1488-1513),,
House of Stewart,R1b1a1b1a1a2c1a1d1a,James V (1513-1542),,
House of Stewart,R1b1a1b1a1a2c1a1d1a,Mary (1542-1567),,
House of Stewart,R1b1a1b1a1a2c1a1d1a,James VI (1567-1625),,
House of Stewart,R1b1a1b1a1a2c1a1d1a1,Sir John Stewart of Bonkyll (1245-1298),,
House of Stewart,R1b1a1b1a1a2c1a1d1a3,Alexander Stewart the Wolf of Badenoch,,
House of Sureau,I1a2a1a1a5,Francois Sureau (1668),,
House of Vauloger,R1b1a1b1a1a2c1a6,Jean III de Vauloge (1450),,
House of Wyatt,I1a2a1a1d,Sir Henry Wyatt (1460-1537),,
House of Wynne,I1a2b3a1b1a2,Meredith ap Ieuan ap Robert (1490),,
House Seymour,R1b1a1b1b3a1a,William St Maur,,
House Seymour,R1b1a1b1b3a1a,Sir John Seymour (1474-1536),,
House von Amsberg,R1a1a1b1a2b3a3a1b1,Juergen Amtsberg (11640-686),,
House von Amsberg,R1a1a1b1a2b3a3a1b1,Prince Claus of the Netherlands (1926-2002),,
House von Amsberg,R1a1a1b1a2b3a3a1b1,King Willem-Alexander of the Netherlands (1967-),,
House von Weltzien,I2a1b1a2b1a2a1a1a,Mathias Weltzien (1243-1249),,
House von Weltzien,I2a1b1a2b1a2a1a1a,Heinrich Wilhelm von Weltzien (1759-1827),,
Hunyadi Dynasty,E1b1b1a1b1a6a1c,Voyk Hunyadi (1419),,
Hunyadi Dynasty,E1b1b1a1b1a6a1c,John Hunyadi (1456),,
Hunyadi Dynasty,E1b1b1a1b1a6a1c,Matthias Corvinus (1490),,
Imperial House of Japan,D1a2a1a2b1a1a8a,Emperor Seiwa (850-881),,
Kingdom of Mann,R1b1a1b1a1a2a1b2,Olof the Black,,
Nakatomi Clan,O1b2a1a1c,Nakatomi no Amahisa-no-kimi,,
Norwegian Royalty,I1,Haakon VI of Sweden & Norway (1340-1380),,
Norwegian Royalty,R1b,Haakon VII (1872-1957),,
Norwegian Royalty,R1b,Olav V (1903-1991),,
Norwegian Royalty,R1b,Harald V (1937-),,
Persian Royalty,J1,Fath Ali Shah Qajar (1772-1834),,
Polish Royalty,J2b2a1a1a1b,House of Lubomirski,,
Portuguese Royalty,R1b1a1b1a1a1a,Pedro V (1837-1861),,
Portuguese Royalty,R1b1a1b1a1a1a,Luis I (1838-1889),,
Portuguese Royalty,R1b1a1b1a1a1a,Carlos I (1863-1908),,
Portuguese Royalty,R1b1a1b1a1a1a,Manuel II (1889-1932),,
Premyslid Dynasty,R1b1a2a1a2c1b1b1a3a1,Borivoj I (870-889),,
Premyslid Dynasty,R1b1a2a1a2c1b1b1a3a1,Spythinev (895-915),,
Premyslid Dynasty,R1b1a2a1a2c1b1b1a3a1,Vratislaus (915-921),,
Premyslid Dynasty,R1b1a2a1a2c1b1b1a3a1,Saint Wenceslaus (921-935),,
Premyslid Dynasty,R1b1a2a1a2c1b1b1a3a1,Bolesalus I the Cruel (935-972),,
Premyslid Dynasty,R1b1a2a1a2c1b1b1a3a1,Bolesalus II the Pious (972-999),,
Premyslid Dynasty,R1b1a2a1a2c1b1b1a3a1,Boleslaus III the Red-haired (999-1002),,
Riddarhuset Aminoff,G2a2b1a1b1a2,Feodor Aminoff (1565-1628),,
Riddarhuset Bure,G2a2b2a1a1b1a1a2a1b2a1,Olof Bure (1578-1655),,
Riddarhuset Gyllencreutz,R1b1a1b1a1a2c1a4b2c1a1b1b1,Lars Tygesson (?-1625),,
Riddarhuset Lillieskold,R1b1a1b1a1a1c2b2a1b2,Jesperus Marci (?-1591),,
Riddarhuset Loewenhielm,I1a1b1b1c,Gudmund Norberg (1656-1739),,
Riddarhuset Silfverskiold,R1a1a1b1a3a1a2e2a,Niklas Andersson Hylten (1635-1702),,
Riddarhuset Stierna,R1a1a1b1a2b3a1d5a1b,Olof Olofsson Stjaerna (1430-1498),,
Riddarhuset Svedenborg,I1a2a1a1d1a1a2c13,Jesper Svedberg (1653),,
Riddarhuset Svedenborg,I1a2a1a1d1a1a2c13,Emanuel Swedenborg (1688-1772),,
Riddarhuset Tawast,N1a1a1a1a1a1a1b2a2a1,Jakob Kaas (?-1529),,
Riddarhuset Uggla,R1b1a1b1a1a1c2b2a1b1a1a2b2a,Claes Hansson (?-1529),,
Russian Royalty (Romanovs),R1b,Paul I (1754-1801),,
Russian Royalty (Romanovs),R1b,Alexander I (1777-1825),,
Russian Royalty (Romanovs),R1b,Constantine I (1779-1831),,
Russian Royalty (Romanovs),R1b,Nicholas I (1796-1855),,
Russian Royalty (Romanovs),R1b,Alexander II (1818-1881),,
Russian Royalty (Romanovs),R1b,Alexander III (1845-1894),,
Russian Royalty (Romanovs),R1b,Nicholas II (1868-1918),,
Saudi Royalty,J1-FGC2,Muhammad bin Saud (1744-1818),,
Scottish Royalty,R1b1a1b1a1a2c,Robert II,,
Scottish Royalty,R1b1a1b1a1a2c,Robert III,,
Scottish Royalty,R1b1a1b1a1a2c,James I,,
Scottish Royalty,R1b1a1b1a1a2c,James II,,
Scottish Royalty,R1b1a1b1a1a2c,James III,,
Scottish Royalty,R1b1a1b1a1a2c,James IV,,
Scottish Royalty,R1b1a1b1a1a2c,James V,,
Scottish Royalty,J2a1,Earl of Eglinton (1460-1545),,
Scottish Royalty,R1a1a1b1a3a1a1a,Somerled of Argyll (1100-1164),,
Swedish Royalty,I1,Valdemar I of Sweden (1239-1302),,
Swedish Royalty,I1,Magnus III of Sweden (1240-1290),,
Swedish Royalty,I1,Birger I of Sweden (1280-1321),,
Swedish Royalty,I1,"Valdemar, Duke of Finland (1280s-1318)",,
Swedish Royalty,I1,Magnus IV of Sweden (1316-1374),,
Swedish Royalty,I1,Eric XII of Sweden (1339-1359),,
Swedish Royalty,I1,Haakon VI of Sweden & Norway (1340-1380),,
Swedish Royalty,R1b,Christian I (1426-1481),,
Swedish Royalty,R1b,John (1455-1513),,
Swedish Royalty,R1b,Christian II (1481-1559),,
Swedish Royalty,G2a2b2a1a1b1a1a2a1b2a1,Gamla Olof Heresson Bure,,
Vorontsov Family,I1a2a1a1d1a1a2c2a1a,Varangian Simon,,
Vorontsov Family,I1a2a1a1d1a1a2c2a1a,Feodor Vorontsov,,
Vorontsov Family,I1a2a1a1d1a1a2c2a1a,Prince Mikhail Vorontsov (1856),,
Welsh Royalty,R1b1a1b1a1a2c1a5a1,"Pasgen ap Urien, King of Gwyr (522)",,