Root,#
A0,A0-T
A0-T,Root
A00,Root
A0a,A0
A0a1,A0a
A0a1a,A0a1
A0a1b,A0a1
A0a2,A0a
A0b,A0
A1,A0-T
A1a,A1
A1b,A1
A1b1,A1b
A1b1a,A1b1
A1b1a1,A1b1a
A1b1a1a,A1b1a1
A1b1a1a1,A1b1a1a
A1b1a1a2,A1b1a1a
A1b1a1a2a,A1b1a1a2
A1b1a1a2b,A1b1a1a2
A1b1a1b,A1b1a1
A1b1a2,A1b1a
A1b1b,A1b1
A1b1b1,A1b1b
A1b1b2,A1b1b
A1b1b2a,A1b1b2
A1b1b2a1,A1b1b2a
A1b1b2a1a,A1b1b2a1
A1b1b2a1b,A1b1b2a1
A1b1b2a2,A1b1b2a
A1b1b2b,A1b1b2
A1b1b2b1,A1b1b2b
A1b1b2b2,A1b1b2b
B,BT
B1,B
B1a,B1
B1b,B1
B2,B
B2a,B2
B2a1,B2a
B2a1a,B2a1
B2a1b,B2a1
B2a2,B2a
B2a2a,B2a2
B2a2b,B2a2
B2b,B2
B2b1,B2b
B2b1a,B2b1
B2b1a1,B2b1a
B2b1a1a,B2b1a1
B2b1a1b,B2b1a1
B2b1a1b1,B2b1a1b
B2b1a1b2,B2b1a1b
B2b1a1c,B2b1a1
B2b1a2,B2b1a
B2b1b,B2b1
B2b2,B2b
B3,B
BT,A1b
C,CF
C1,C
C1a,C1
C1a1,C1a
C1a1a,C1a1
C1a1a1,C1a1a
C1a1a2,C1a1a
C1a1b,C1a1
C1a2,C1a
C1a2a,C1a2
C1a2a1,C1a2a
C1a2a1a,C1a2a1
C1a2a1b,C1a2a1
C1a2a2,C1a2a
C1a2b,C1a2
C1b,C1
C1b1,C1b
C1b1a,C1b1
C1b1a1,C1b1a
C1b1a1a,C1b1a1
C1b1a1a1,C1b1a1a
C1b1a1a1a,C1b1a1a1
C1b1a1a1a1,C1b1a1a1a
C1b1a1a1a1a,C1b1a1a1a1
C1b1a1a1a1a1,C1b1a1a1a1a
C1b1a1a1a1a1a,C1b1a1a1a1a1
C1b1a1a1a1a1a1,C1b1a1a1a1a1a
C1b1a1a1a1a1a1a,C1b1a1a1a1a1a1
C1b1a1a1a1a1a1a1,C1b1a1a1a1a1a1a
C1b1a1a1a1a1a1a2,C1b1a1a1a1a1a1a
C1b1a1a1a1a1a1b,C1b1a1a1a1a1a1
C1b1a1a1a1a1a2,C1b1a1a1a1a1a
C1b1a1a1a1a1b,C1b1a1a1a1a1
C1b1a1a1a1a2,C1b1a1a1a1a
C1b1a1a1a1b,C1b1a1a1a1
C1b1a1a1a2,C1b1a1a1a
C1b1a1a1b,C1b1a1a1
C1b1a1a2,C1b1a1a
C1b1a1b,C1b1a1
C1b1a1b1,C1b1a1b
C1b1a1b2,C1b1a1b
C1b1a2,C1b1a
C1b1a2a,C1b1a2
C1b1a2b,C1b1a2
C1b1a2b1,C1b1a2b
C1b1a2b2,C1b1a2b
C1b1b,C1b1
C1b2,C1b
C1b2a,C1b2
C1b2a1,C1b2a
C1b2a1a,C1b2a1
C1b2a1b,C1b2a1
C1b2a1c,C1b2a1
C1b2a2,C1b2a
C1b2b,C1b2
C1b2b1,C1b2b
C1b2b2,C1b2b
C2,C
C2a,C2
C2b,C2
C2b1,C2b
C2b1a,C2b1
C2b1a1,C2b1a
C2b1a1a,C2b1a1
C2b1a1a1,C2b1a1a
C2b1a1a1a,C2b1a1a1
C2b1a1a1b,C2b1a1a1
C2b1a1a2,C2b1a1a
C2b1a1b,C2b1a1
C2b1a1b1,C2b1a1b
C2b1a1b2,C2b1a1b
C2b1a2,C2b1a
C2b1b,C2b1
C2b1b1,C2b1b
C2b1b1a,C2b1b1
C2b1b1a1,C2b1b1a
C2b1b1a2,C2b1b1a
C2b1b1b,C2b1b1
C2b1b1b1,C2b1b1b
C2b1b1b2,C2b1b1b
C2b1b2,C2b1b
C2b1b2a,C2b1b2
C2b1b2b,C2b1b2
C2b1c,C2b1
C2b2,C2b
C2c,C2
C2e,C2
C2e1,C2e
C2e1a,C2e1
C2e1a1,C2e1a
C2e1a1a,C2e1a1
C2e1a1a1,C2e1a1a
C2e1a1a2,C2e1a1a
C2e1a1b,C2e1a1
C2e1a2,C2e1a
C2e1b,C2e1
C2e1b1,C2e1b
C2e1b1a,C2e1b1
C2e1b1b,C2e1b1
C2e1b2,C2e1b
C2e2,C2e
C2e2a,C2e2
C2e2a1,C2e2a
C2e2a2,C2e2a
C2e2b,C2e2
C2f,C2
CF,CT
CT,BT
D,DE
D1,D
D1a,D1
D1a1,D1a
D1a1a,D1a1
D1a1b,D1a1
D1a2,D1a
D1a2a,D1a2
D1a2a1,D1a2a
D1a2a2,D1a2a
D1a2b,D1a2
D1b,D1
D1b1,D1b
D1b1a,D1b1
D1b1a1,D1b1a
D1b1a1a,D1b1a1
D1b1a1b,D1b1a1
D1b1a2,D1b1a
D1b1a2a,D1b1a2
D1b1a2b,D1b1a2
D1b1a2b1,D1b1a2b
D1b1a2b1a,D1b1a2b1
D1b1a2b1a1,D1b1a2b1a
D1b1a2b1a1a,D1b1a2b1a1
D1b1a2b1a1a1,D1b1a2b1a1a
D1b1a2b1a1a2,D1b1a2b1a1a
D1b1a2b1a1b,D1b1a2b1a1
D1b1a2b1a2,D1b1a2b1a
D1b1a2b1b,D1b1a2b1
D1b1a2b2,D1b1a2b
D1b1b,D1b1
D1b1c,D1b1
D1b1d,D1b1
D1b1d1,D1b1d
D1b1d1a,D1b1d1
D1b1d1a1,D1b1d1a
D1b1d1a1a,D1b1d1a1
D1b1d1a1b,D1b1d1a1
D1b1d1a2,D1b1d1a
D1b1d1b,D1b1d1
D1b1d2,D1b1d
D1b2,D1b
D1b2a,D1b2
D1b2a1,D1b2a
D1b2a2,D1b2a
D1b2b,D1b2
D2,D
DE,CT
E,DE
E1,E
E1a,E1
E1a1,E1a
E1a1a,E1a1
E1a1a1,E1a1a
E1a1a1a,E1a1a1
E1a1a1b,E1a1a1
E1a1a2,E1a1a
E1a1b,E1a1
E1a2,E1a
E1a2a,E1a2
E1a2a1,E1a2a
E1a2a1a,E1a2a1
E1a2a1a1,E1a2a1a
E1a2a1a1a,E1a2a1a1
E1a2a1a1b,E1a2a1a1
E1a2a1a2,E1a2a1a
E1a2a1b,E1a2a1
E1a2a1b1,E1a2a1b
E1a2a1b1a,E1a2a1b1
E1a2a1b1b,E1a2a1b1
E1a2a1b2,E1a2a1b
E1a2a2,E1a2a
E1a2b,E1a2
E1a2b1,E1a2b
E1a2b1a,E1a2b1
E1a2b1a1,E1a2b1a
E1a2b1a1a,E1a2b1a1
E1a2b1a1a1,E1a2b1a1a
E1a2b1a1a2,E1a2b1a1a
E1a2b1a1b,E1a2b1a1
E1a2b1a2,E1a2b1a
E1a2b1b,E1a2b1
E1a2b2,E1a2b
E1b,E1
E1b1,E1b
E1b1a,E1b1
E1b1a1,E1b1a
E1b1a1a,E1b1a1
E1b1a1a1,E1b1a1a
E1b1a1a1a,E1b1a1a1
E1b1a1a1b,E1b1a1a1
E1b1a1a1c,E1b1a1a1
E1b1a1a1c1,E1b1a1a1c
E1b1a1a1c1a,E1b1a1a1c1
E1b1a1a1c1a1,E1b1a1a1c1a
E1b1a1a1c1a1a,E1b1a1a1c1a1
E1b1a1a1c1a1b,E1b1a1a1c1a1
E1b1a1a1c1a1c,E1b1a1a1c1a1
E1b1a1a1c1a1c1,E1b1a1a1c1a1c
E1b1a1a1c1a1c1a,E1b1a1a1c1a1c1
E1b1a1a1c1a1c1a1,E1b1a1a1c1a1c1a
E1b1a1a1c1a1c1a2,E1b1a1a1c1a1c1a
E1b1a1a1c1a1c1b,E1b1a1a1c1a1c1
E1b1a1a1c1a1c2,E1b1a1a1c1a1c
E1b1a1a1c1a1d,E1b1a1a1c1a1
E1b1a1a1c1a2,E1b1a1a1c1a
E1b1a1a1c1b,E1b1a1a1c1
E1b1a1a1c1b1,E1b1a1a1c1b
E1b1a1a1c1b2,E1b1a1a1c1b
E1b1a1a1c2,E1b1a1a1c
E1b1a1a1c2a,E1b1a1a1c2
E1b1a1a1c2a1,E1b1a1a1c2a
E1b1a1a1c2a2,E1b1a1a1c2a
E1b1a1a1c2b,E1b1a1a1c2
E1b1a1a1c2b1,E1b1a1a1c2b
E1b1a1a1c2b2,E1b1a1a1c2b
E1b1a1a1c2b2a,E1b1a1a1c2b2
E1b1a1a1c2b2b,E1b1a1a1c2b2
E1b1a1a1c2c,E1b1a1a1c2
E1b1a1a1c2c1,E1b1a1a1c2c
E1b1a1a1c2c1a,E1b1a1a1c2c1
E1b1a1a1c2c1b,E1b1a1a1c2c1
E1b1a1a1c2c2,E1b1a1a1c2c
E1b1a1a1c2c2a,E1b1a1a1c2c2
E1b1a1a1c2c2b,E1b1a1a1c2c2
E1b1a1a1c2c3,E1b1a1a1c2c
E1b1a1a1c2c3a,E1b1a1a1c2c3
E1b1a1a1c2c3a1,E1b1a1a1c2c3a
E1b1a1a1c2c3a2,E1b1a1a1c2c3a
E1b1a1a1c2c3a2a,E1b1a1a1c2c3a2
E1b1a1a1c2c3a2b,E1b1a1a1c2c3a2
E1b1a1a1c2c3b,E1b1a1a1c2c3
E1b1a1a1c2c3b1,E1b1a1a1c2c3b
E1b1a1a1c2c3b2,E1b1a1a1c2c3b
E1b1a1a1c2c3c,E1b1a1a1c2c3
E1b1a1a1d,E1b1a1a1
E1b1a1a1d1,E1b1a1a1d
E1b1a1a1d1a,E1b1a1a1d1
E1b1a1a1d1a1,E1b1a1a1d1a
E1b1a1a1d1a1a,E1b1a1a1d1a1
E1b1a1a1d1a1b,E1b1a1a1d1a1
E1b1a1a1d1a2,E1b1a1a1d1a
E1b1a1a1d1b,E1b1a1a1d1
E1b1a1a1d1c,E1b1a1a1d1
E1b1a1a1d1d,E1b1a1a1d1
E1b1a1a1d2,E1b1a1a1d
E1b1a1a2,E1b1a1a
E1b1a1b,E1b1a1
E1b1a1b1,E1b1a1b
E1b1a1b1a,E1b1a1b1
E1b1a1b1a1,E1b1a1b1a
E1b1a1b1a2,E1b1a1b1a
E1b1a1b1b,E1b1a1b1
E1b1a1b1c,E1b1a1b1
E1b1a1b2,E1b1a1b
E1b1a2,E1b1a
E1b1b,E1b1
E1b1b1,E1b1b
E1b1b1a,E1b1b1
E1b1b1a1,E1b1b1a
E1b1b1a1a,E1b1b1a1
E1b1b1a1a1,E1b1b1a1a
E1b1b1a1a1a,E1b1b1a1a1
E1b1b1a1a1b,E1b1b1a1a1
E1b1b1a1a1b1,E1b1b1a1a1b
E1b1b1a1a1b2,E1b1b1a1a1b
E1b1b1a1a1c,E1b1b1a1a1
E1b1b1a1a2,E1b1b1a1a
E1b1b1a1a2a,E1b1b1a1a2
E1b1b1a1a2b,E1b1b1a1a2
E1b1b1a1b,E1b1b1a1
E1b1b1a1b1,E1b1b1a1b
E1b1b1a1b1a,E1b1b1a1b1
E1b1b1a1b1a1,E1b1b1a1b1a
E1b1b1a1b1a2,E1b1b1a1b1a
E1b1b1a1b1a4,E1b1b1a1b1a
E1b1b1a1b1a5,E1b1b1a1b1a
E1b1b1a1b1a6,E1b1b1a1b1a
E1b1b1a1b1b,E1b1b1a1b1
E1b1b1a1b2,E1b1b1a1b
E1b1b1a1b2a,E1b1b1a1b2
E1b1b1a1b2b,E1b1b1a1b2
E1b1b1a1c,E1b1b1a1
E1b1b1a2,E1b1b1a
E1b1b1b,E1b1b1
E1b1b1b1,E1b1b1b
E1b1b1b1a,E1b1b1b1
E1b1b1b1a1,E1b1b1b1a
E1b1b1b1a1a,E1b1b1b1a1
E1b1b1b1a1b,E1b1b1b1a1
E1b1b1b1a2,E1b1b1b1a
E1b1b1b1b,E1b1b1b1
E1b1b1b2,E1b1b1b
E1b1b1b2a,E1b1b1b2
E1b1b1b2a1,E1b1b1b2a
E1b1b1b2a1a,E1b1b1b2a1
E1b1b1b2a1a1,E1b1b1b2a1a
E1b1b1b2a1a2,E1b1b1b2a1a
E1b1b1b2a1b,E1b1b1b2a1
E1b1b1b2a1c,E1b1b1b2a1
E1b1b1b2a1d,E1b1b1b2a1
E1b1b1b2a2,E1b1b1b2a
E1b1b1b2b,E1b1b1b2
E1b1b1b2b1,E1b1b1b2b
E1b1b1b2b2,E1b1b1b2b
E1b1b1b2c,E1b1b1b2
E1b1b1c,E1b1b1
E1b1b1d,E1b1b1
E1b1b2,E1b1b
E1b2,E1b
E2,E
E2a,E2
E2b,E2
E2b1,E2b
E2b1a,E2b1
E2b1a1,E2b1a
E2b1a1a,E2b1a1
E2b1a1b,E2b1a1
E2b1a2,E2b1a
E2b1b,E2b1
E2b2,E2b
F,CF
F1,F
F2,F
F3,F
G,GHIJK
G1,G
G1a,G1
G1a1,G1a
G1a1a,G1a1
G1a1a1,G1a1a
G1a1a2,G1a1a
G1a1b,G1a1
G1a2,G1a
G1a2a,G1a2
G1a2b,G1a2
G1b,G1
G1b1,G1b
G1b1a,G1b1
G1b1b,G1b1
G1b2,G1b
G2,G
G2a,G2
G2a1,G2a
G2a1a,G2a1
G2a1a1,G2a1a
G2a1a1a,G2a1a1
G2a1a1a1,G2a1a1a
G2a1a1a1a,G2a1a1a1
G2a1a1a1a1,G2a1a1a1a
G2a1a1a1a1a,G2a1a1a1a1
G2a1a1a1a1a1,G2a1a1a1a1a
G2a1a1a1a1a1a,G2a1a1a1a1a1
G2a1a1a1a1a1a1,G2a1a1a1a1a1a
G2a1a1a1a1a1a1a,G2a1a1a1a1a1a1
G2a1a1a1a1a1a1b,G2a1a1a1a1a1a1
G2a1a1a1a1a1a2,G2a1a1a1a1a1a
G2a1a1a1a1a1b,G2a1a1a1a1a1
G2a1a1a1a1a1b1,G2a1a1a1a1a1b
G2a1a1a1a1a1b1a,G2a1a1a1a1a1b1
G2a1a1a1a1a1b1b,G2a1a1a1a1a1b1
G2a1a1a1a1a1b2,G2a1a1a1a1a1b
G2a1a1a1a1a2,G2a1a1a1a1a
G2a1a1a1a1b,G2a1a1a1a1
G2a1a1a1a1b1,G2a1a1a1a1b
G2a1a1a1a1b2,G2a1a1a1a1b
G2a1a1a1a2,G2a1a1a1a
G2a1a1a1b,G2a1a1a1
G2a1a1a2,G2a1a1a
G2a1a1a2a,G2a1a1a2
G2a1a1a2a1,G2a1a1a2a
G2a1a1a2a2,G2a1a1a2a
G2a1a1a2b,G2a1a1a2
G2a1a1b,G2a1a1
G2a1a2,G2a1a
G2a1a2a,G2a1a2
G2a1a2b,G2a1a2
G2a1a3,G2a1a
G2a1b,G2a1
G2a2,G2a
G2a2a,G2a2
G2a2a1,G2a2a
G2a2a1a,G2a2a1
G2a2a1a1,G2a2a1a
G2a2a1a1a,G2a2a1a1
G2a2a1a1b,G2a2a1a1
G2a2a1a2,G2a2a1a
G2a2a1a2a,G2a2a1a2
G2a2a1a2a1,G2a2a1a2a
G2a2a1a2a1a,G2a2a1a2a1
G2a2a1a2a1a1,G2a2a1a2a1a
G2a2a1a2a1a1a,G2a2a1a2a1a1
G2a2a1a2a1a1b,G2a2a1a2a1a1
G2a2a1a2a1a2,G2a2a1a2a1a
G2a2a1a2a1b,G2a2a1a2a1
G2a2a1a2a2,G2a2a1a2a
G2a2a1a2a2a,G2a2a1a2a2
G2a2a1a2a2b,G2a2a1a2a2
G2a2a1a2b,G2a2a1a2
G2a2a1b,G2a2a1
G2a2a2,G2a2a
G2a2b,G2a2
G2a2b1,G2a2b
G2a2b1a,G2a2b1
G2a2b1a1,G2a2b1a
G2a2b1a1a,G2a2b1a1
G2a2b1a1a1,G2a2b1a1a
G2a2b1a1a2,G2a2b1a1a
G2a2b1a1b,G2a2b1a1
G2a2b1a1b1,G2a2b1a1b
G2a2b1a1b1a,G2a2b1a1b1
G2a2b1a1b1b,G2a2b1a1b1
G2a2b1a1b2,G2a2b1a1b
G2a2b1a2,G2a2b1a
G2a2b1a2a,G2a2b1a2
G2a2b1a2a1,G2a2b1a2a
G2a2b1a2a2,G2a2b1a2a
G2a2b1a2b,G2a2b1a2
G2a2b1b,G2a2b1
G2a2b1b1,G2a2b1b
G2a2b1b2,G2a2b1b
G2a2b2,G2a2b
G2a2b2a,G2a2b2
G2a2b2a1,G2a2b2a
G2a2b2a1a,G2a2b2a1
G2a2b2a1a1,G2a2b2a1a
G2a2b2a1a1a,G2a2b2a1a1
G2a2b2a1a1a1,G2a2b2a1a1a
G2a2b2a1a1a1a,G2a2b2a1a1a1
G2a2b2a1a1a1a1,G2a2b2a1a1a1a
G2a2b2a1a1a1a1a,G2a2b2a1a1a1a1
G2a2b2a1a1a1a1a1,G2a2b2a1a1a1a1a
G2a2b2a1a1a1a1a1a,G2a2b2a1a1a1a1a1
G2a2b2a1a1a1a1a1a1,G2a2b2a1a1a1a1a1a
G2a2b2a1a1a1a1a1a2,G2a2b2a1a1a1a1a1a
G2a2b2a1a1a1a1a1b,G2a2b2a1a1a1a1a1
G2a2b2a1a1a1a1a2,G2a2b2a1a1a1a1a
G2a2b2a1a1a1a1b,G2a2b2a1a1a1a1
G2a2b2a1a1a1a2,G2a2b2a1a1a1a
G2a2b2a1a1a1b,G2a2b2a1a1a1
G2a2b2a1a1a2,G2a2b2a1a1a
G2a2b2a1a1a2a,G2a2b2a1a1a2
G2a2b2a1a1a2a1,G2a2b2a1a1a2a
G2a2b2a1a1a2a2,G2a2b2a1a1a2a
G2a2b2a1a1a2a2a,G2a2b2a1a1a2a2
G2a2b2a1a1a2a2b,G2a2b2a1a1a2a2
G2a2b2a1a1a2b,G2a2b2a1a1a2
G2a2b2a1a1b,G2a2b2a1a1
G2a2b2a1a1b1,G2a2b2a1a1b
G2a2b2a1a1b1a,G2a2b2a1a1b1
G2a2b2a1a1b1a1,G2a2b2a1a1b1a
G2a2b2a1a1b1a1a,G2a2b2a1a1b1a1
G2a2b2a1a1b1a1a1,G2a2b2a1a1b1a1a
G2a2b2a1a1b1a1a1a,G2a2b2a1a1b1a1a1
G2a2b2a1a1b1a1a1b,G2a2b2a1a1b1a1a1
G2a2b2a1a1b1a1a1c,G2a2b2a1a1b1a1a1
G2a2b2a1a1b1a1a2,G2a2b2a1a1b1a1a
G2a2b2a1a1b1a1b,G2a2b2a1a1b1a1
G2a2b2a1a1b1a1b1,G2a2b2a1a1b1a1b
G2a2b2a1a1b1a1b2,G2a2b2a1a1b1a1b
G2a2b2a1a1b1a1b2a,G2a2b2a1a1b1a1b2
G2a2b2a1a1b1a1b2b,G2a2b2a1a1b1a1b2
G2a2b2a1a1b1a1b2b1,G2a2b2a1a1b1a1b2b
G2a2b2a1a1b1a1b2b1a,G2a2b2a1a1b1a1b2b1
G2a2b2a1a1b1a1b2b1a1,G2a2b2a1a1b1a1b2b1a
G2a2b2a1a1b1a1b2b1a2,G2a2b2a1a1b1a1b2b1a
G2a2b2a1a1b1a1b2b1b,G2a2b2a1a1b1a1b2b1
G2a2b2a1a1b1a1b2b2,G2a2b2a1a1b1a1b2b
G2a2b2a1a1b1a2,G2a2b2a1a1b1a
G2a2b2a1a1b1a2a,G2a2b2a1a1b1a2
G2a2b2a1a1b1a2a1,G2a2b2a1a1b1a2a
G2a2b2a1a1b1a2a1a,G2a2b2a1a1b1a2a1
G2a2b2a1a1b1a2a1a1,G2a2b2a1a1b1a2a1a
G2a2b2a1a1b1a2a1a2,G2a2b2a1a1b1a2a1a
G2a2b2a1a1b1a2a1b,G2a2b2a1a1b1a2a1
G2a2b2a1a1b1a2a2,G2a2b2a1a1b1a2a
G2a2b2a1a1b1a2a2a,G2a2b2a1a1b1a2a2
G2a2b2a1a1b1a2a2b,G2a2b2a1a1b1a2a2
G2a2b2a1a1b1a2b,G2a2b2a1a1b1a2
G2a2b2a1a1b1a3,G2a2b2a1a1b1a
G2a2b2a1a1b1a3a,G2a2b2a1a1b1a3
G2a2b2a1a1b1a3b,G2a2b2a1a1b1a3
G2a2b2a1a1b1b,G2a2b2a1a1b1
G2a2b2a1a1b1b1,G2a2b2a1a1b1b
G2a2b2a1a1b1b2,G2a2b2a1a1b1b
G2a2b2a1a1b2,G2a2b2a1a1b
G2a2b2a1a1b2a,G2a2b2a1a1b2
G2a2b2a1a1b2b,G2a2b2a1a1b2
G2a2b2a1a1c,G2a2b2a1a1
G2a2b2a1a1c1,G2a2b2a1a1c
G2a2b2a1a1c1a,G2a2b2a1a1c1
G2a2b2a1a1c1a1,G2a2b2a1a1c1a
G2a2b2a1a1c1a1a,G2a2b2a1a1c1a1
G2a2b2a1a1c1a1a1,G2a2b2a1a1c1a1a
G2a2b2a1a1c1a1a2,G2a2b2a1a1c1a1a
G2a2b2a1a1c1a1b,G2a2b2a1a1c1a1
G2a2b2a1a1c1a2,G2a2b2a1a1c1a
G2a2b2a1a1c1a2a,G2a2b2a1a1c1a2
G2a2b2a1a1c1a2a1,G2a2b2a1a1c1a2a
G2a2b2a1a1c1a2a1a,G2a2b2a1a1c1a2a1
G2a2b2a1a1c1a2a1a1,G2a2b2a1a1c1a2a1a
G2a2b2a1a1c1a2a1a2,G2a2b2a1a1c1a2a1a
G2a2b2a1a1c1a2a1b,G2a2b2a1a1c1a2a1
G2a2b2a1a1c1a2a2,G2a2b2a1a1c1a2a
G2a2b2a1a1c1a2a2a,G2a2b2a1a1c1a2a2
G2a2b2a1a1c1a2a2b,G2a2b2a1a1c1a2a2
G2a2b2a1a1c1a2b,G2a2b2a1a1c1a2
G2a2b2a1a1c1a2b1,G2a2b2a1a1c1a2b
G2a2b2a1a1c1a2b1a,G2a2b2a1a1c1a2b1
G2a2b2a1a1c1a2b1b,G2a2b2a1a1c1a2b1
G2a2b2a1a1c1a2b2,G2a2b2a1a1c1a2b
G2a2b2a1a1c1b,G2a2b2a1a1c1
G2a2b2a1a1c2,G2a2b2a1a1c
G2a2b2a1a1c2a,G2a2b2a1a1c2
G2a2b2a1a1c2b,G2a2b2a1a1c2
G2a2b2a1a1c2b1,G2a2b2a1a1c2b
G2a2b2a1a1c2b2,G2a2b2a1a1c2b
G2a2b2a1a1c3,G2a2b2a1a1c
G2a2b2a1a2,G2a2b2a1a
G2a2b2a1b,G2a2b2a1
G2a2b2a2,G2a2b2a
G2a2b2a3,G2a2b2a
G2a2b2a3a,G2a2b2a3
G2a2b2a3b,G2a2b2a3
G2a2b2a4,G2a2b2a
G2a2b2b,G2a2b2
G2a2b2b1,G2a2b2b
G2a2b2b1a,G2a2b2b1
G2a2b2b1a1,G2a2b2b1a
G2a2b2b1a2,G2a2b2b1a
G2a2b2b1b,G2a2b2b1
G2a2b2b2,G2a2b2b
G2b,G2
G2b1,G2b
G2b1a,G2b1
G2b1b,G2b1
G2b1b1,G2b1b
G2b1b1a,G2b1b1
G2b1b1b,G2b1b1
G2b1b2,G2b1b
G2b2,G2b
G2b2a,G2b2
G2b2b,G2b2
GHIJK,F
H,HIJK
H1,H
H1a,H1
H1a1,H1a
H1a1a,H1a1
H1a1a1,H1a1a
H1a1a2,H1a1a
H1a1b,H1a1
H1a1c,H1a1
H1a1d,H1a1
H1a1d1,H1a1d
H1a1d2,H1a1d
H1a1d2a,H1a1d2
H1a1d2b,H1a1d2
H1a1d2b1,H1a1d2b
H1a1d2b1a,H1a1d2b1
H1a1d2b1b,H1a1d2b1
H1a1d2b2,H1a1d2b
H1a1d2b2a,H1a1d2b2
H1a1d2b2b,H1a1d2b2
H1a1d2b3,H1a1d2b
H1a1d2b3a,H1a1d2b3
H1a1d2b3a1,H1a1d2b3a
H1a1d2b3a1a,H1a1d2b3a1
H1a1d2b3a1a1,H1a1d2b3a1a
H1a1d2b3a1a2,H1a1d2b3a1a
H1a1d2b3a1b,H1a1d2b3a1
H1a1d2b3a2,H1a1d2b3a
H1a1d2b3b,H1a1d2b3
H1a1d2c,H1a1d2
H1a1d2c1,H1a1d2c
H1a1d2c1a,H1a1d2c1
H1a1d2c1a1,H1a1d2c1a
H1a1d2c1a2,H1a1d2c1a
H1a1d2c1b,H1a1d2c1
H1a1d2c1b1,H1a1d2c1b
H1a1d2c1b1a,H1a1d2c1b1
H1a1d2c1b1b,H1a1d2c1b1
H1a1d2c1b2,H1a1d2c1b
H1a1d2c2,H1a1d2c
H1a1d2c2a,H1a1d2c2
H1a1d2c2b,H1a1d2c2
H1a2,H1a
H1a2a,H1a2
H1a2a1,H1a2a
H1a2a1a,H1a2a1
H1a2a1b,H1a2a1
H1a2a2,H1a2a
H1a2b,H1a2
H1b,H1
H1b1,H1b
H1b1a,H1b1
H1b1b,H1b1
H1b2,H1b
H1b2a,H1b2
H1b2b,H1b2
H1c,H1
H2,H
H3,H
H3a,H3
H3a1,H3a
H3a2,H3a
H3a2a,H3a2
H3a2a1,H3a2a
H3a2a1a,H3a2a1
H3a2a1b,H3a2a1
H3a2a2,H3a2a
H3a2b,H3a2
H3b,H3
H3b1,H3b
H3b2,H3b
HIJK,GHIJK
I,IJ
I1,I
I1a,I1
I1a1,I1a
I1a1a,I1a1
I1a1a1,I1a1a
I1a1a2,I1a1a
I1a1b,I1a1
I1a1b1,I1a1b
I1a1b2,I1a1b
I1a1b3,I1a1b
I1a1b3a,I1a1b3
I1a1b3a1,I1a1b3a
I1a1b3a1a,I1a1b3a1
I1a1b3a1b,I1a1b3a1
I1a1b3a2,I1a1b3a
I1a1b3b,I1a1b3
I1a1b4,I1a1b
I1a2,I1a
I1a2a,I1a2
I1a2a1,I1a2a
I1a2a1a,I1a2a1
I1a2a1a1,I1a2a1a
I1a2a1a1a,I1a2a1a1
I1a2a1a1a1,I1a2a1a1a
I1a2a1a1a2,I1a2a1a1a
I1a2a1a1b,I1a2a1a1
I1a2a1a2,I1a2a1a
I1a2a1a3,I1a2a1a
I1a2a1a3a,I1a2a1a3
I1a2a1a3a1,I1a2a1a3a
I1a2a1a3a1a,I1a2a1a3a1
I1a2a1a3a1a1,I1a2a1a3a1a
I1a2a1a3a1a2,I1a2a1a3a1a
I1a2a1a3a1b,I1a2a1a3a1
I1a2a1a3a2,I1a2a1a3a
I1a2a1a3b,I1a2a1a3
I1a2a1b,I1a2a1
I1a2a1b1,I1a2a1b
I1a2a1b1a,I1a2a1b1
I1a2a1b1a1,I1a2a1b1a
I1a2a1b1a2,I1a2a1b1a
I1a2a1b1b,I1a2a1b1
I1a2a1b2,I1a2a1b
I1a2a1c,I1a2a1
I1a2a1d,I1a2a1
I1a2a1d1,I1a2a1d
I1a2a1d2,I1a2a1d
I1a2a2,I1a2a
I1a2b,I1a2
I1a2b1,I1a2b
I1a2b2,I1a2b
I1a3,I1a
I1a3a,I1a3
I1a3a1,I1a3a
I1a3a1a,I1a3a1
I1a3a1a1,I1a3a1a
I1a3a1a1a,I1a3a1a1
I1a3a1a1a1,I1a3a1a1a
I1a3a1a1a2,I1a3a1a1a
I1a3a1a1b,I1a3a1a1
I1a3a1a1b1,I1a3a1a1b
I1a3a1a1b1a,I1a3a1a1b1
I1a3a1a1b1a1,I1a3a1a1b1a
I1a3a1a1b1a2,I1a3a1a1b1a
I1a3a1a1b1b,I1a3a1a1b1
I1a3a1a1b2,I1a3a1a1b
I1a3a1a1c,I1a3a1a1
I1a3a1a2,I1a3a1a
I1a3a1b,I1a3a1
I1a3a2,I1a3a
I1a3a2a,I1a3a2
I1a3a2a1,I1a3a2a
I1a3a2a1a,I1a3a2a1
I1a3a2a1b,I1a3a2a1
I1a3a2a2,I1a3a2a
I1a3a2b,I1a3a2
I1a3a2b1,I1a3a2b
I1a3a2b2,I1a3a2b
I1a3a2c,I1a3a2
I1a3a3,I1a3a
I1a3b,I1a3
I1b,I1
I1b1,I1b
I1b2,I1b
I2,I
I2a,I2
I2a1,I2a
I2a1a,I2a1
I2a1a1,I2a1a
I2a1a1a,I2a1a1
I2a1a1a1,I2a1a1a
I2a1a1a1a,I2a1a1a1
I2a1a1a1a1,I2a1a1a1a
I2a1a1a1a1a,I2a1a1a1a1
I2a1a1a1a1b,I2a1a1a1a1
I2a1a1a1a2,I2a1a1a1a
I2a1a1a1b,I2a1a1a1
I2a1a1a2,I2a1a1a
I2a1a1b,I2a1a1
I2a1a2,I2a1a
I2a1a2a,I2a1a2
I2a1a2a1,I2a1a2a
I2a1a2a1a,I2a1a2a1
I2a1a2a1a1,I2a1a2a1a
I2a1a2a1a2,I2a1a2a1a
I2a1a2a1b,I2a1a2a1
I2a1a2a2,I2a1a2a
I2a1a2b,I2a1a2
I2a1b,I2a1
I2a1b1,I2a1b
I2a1b1a,I2a1b1
I2a1b1a1,I2a1b1a
I2a1b1a2,I2a1b1a
I2a1b1b,I2a1b1
I2a1b2,I2a1b
I2a1b2a,I2a1b2
I2a1b2a1,I2a1b2a
I2a1b2a1a,I2a1b2a1
I2a1b2a1a1,I2a1b2a1a
I2a1b2a1a2,I2a1b2a1a
I2a1b2a1a3,I2a1b2a1a
I2a1b2a1b,I2a1b2a1
I2a1b2a1b1,I2a1b2a1b
I2a1b2a1b2,I2a1b2a1b
I2a1b2a1c,I2a1b2a1
I2a1b2a2,I2a1b2a
I2a1b2b,I2a1b2
I2a2,I2a
I2a2a,I2a2
I2a2a1,I2a2a
I2a2a1a,I2a2a1
I2a2a1a1,I2a2a1a
I2a2a1a1a,I2a2a1a1
I2a2a1a1a1,I2a2a1a1a
I2a2a1a1a1a,I2a2a1a1a1
I2a2a1a1a1a1,I2a2a1a1a1a
I2a2a1a1a1a1a,I2a2a1a1a1a1
I2a2a1a1a1a1a1,I2a2a1a1a1a1a
I2a2a1a1a1a1a2,I2a2a1a1a1a1a
I2a2a1a1a1a1a2a,I2a2a1a1a1a1a2
I2a2a1a1a1a1a2a1,I2a2a1a1a1a1a2a
I2a2a1a1a1a1a2a2,I2a2a1a1a1a1a2a
I2a2a1a1a1a1a2a2a,I2a2a1a1a1a1a2a2
I2a2a1a1a1a1a2a2b,I2a2a1a1a1a1a2a2
I2a2a1a1a1a1a2a3,I2a2a1a1a1a1a2a
I2a2a1a1a1a1a2b,I2a2a1a1a1a1a2
I2a2a1a1a1a1b,I2a2a1a1a1a1
I2a2a1a1a1a2,I2a2a1a1a1a
I2a2a1a1a1b,I2a2a1a1a1
I2a2a1a1a2,I2a2a1a1a
I2a2a1a1a2a,I2a2a1a1a2
I2a2a1a1a2b,I2a2a1a1a2
I2a2a1a1b,I2a2a1a1
I2a2a1a2,I2a2a1a
I2a2a1a2a,I2a2a1a2
I2a2a1a2a1,I2a2a1a2a
I2a2a1a2a1a,I2a2a1a2a1
I2a2a1a2a1a1,I2a2a1a2a1a
I2a2a1a2a1a1a,I2a2a1a2a1a1
I2a2a1a2a1a1a1,I2a2a1a2a1a1a
I2a2a1a2a1a1a1a,I2a2a1a2a1a1a1
I2a2a1a2a1a1a1b,I2a2a1a2a1a1a1
I2a2a1a2a1a1a2,I2a2a1a2a1a1a
I2a2a1a2a1a1b,I2a2a1a2a1a1
I2a2a1a2a1a1b1,I2a2a1a2a1a1b
I2a2a1a2a1a1b2,I2a2a1a2a1a1b
I2a2a1a2a1a1c,I2a2a1a2a1a1
I2a2a1a2a1a1c1,I2a2a1a2a1a1c
I2a2a1a2a1a1c2,I2a2a1a2a1a1c
I2a2a1a2a1a1d,I2a2a1a2a1a1
I2a2a1a2a1a1d1,I2a2a1a2a1a1d
I2a2a1a2a1a1d2,I2a2a1a2a1a1d
I2a2a1a2a1a2,I2a2a1a2a1a
I2a2a1a2a1b,I2a2a1a2a1
I2a2a1a2a2,I2a2a1a2a
I2a2a1a2a2a,I2a2a1a2a2
I2a2a1a2a2b,I2a2a1a2a2
I2a2a1a2b,I2a2a1a2
I2a2a1b,I2a2a1
I2a2a1b1,I2a2a1b
I2a2a1b1a,I2a2a1b1
I2a2a1b1a1,I2a2a1b1a
I2a2a1b1a1a,I2a2a1b1a1
I2a2a1b1a1a1,I2a2a1b1a1a
I2a2a1b1a1a1a,I2a2a1b1a1a1
I2a2a1b1a1a1a1,I2a2a1b1a1a1a
I2a2a1b1a1a1a2,I2a2a1b1a1a1a
I2a2a1b1a1a1b,I2a2a1b1a1a1
I2a2a1b1a1a1b1,I2a2a1b1a1a1b
I2a2a1b1a1a1b2,I2a2a1b1a1a1b
I2a2a1b1a1a2,I2a2a1b1a1a
I2a2a1b1a1b,I2a2a1b1a1
I2a2a1b1a2,I2a2a1b1a
I2a2a1b1a2a,I2a2a1b1a2
I2a2a1b1a2b,I2a2a1b1a2
I2a2a1b1b,I2a2a1b1
I2a2a1b1b1,I2a2a1b1b
I2a2a1b1b1a,I2a2a1b1b1
I2a2a1b1b1b,I2a2a1b1b1
I2a2a1b1b2,I2a2a1b1b
I2a2a1b1b2a,I2a2a1b1b2
I2a2a1b1b2b,I2a2a1b1b2
I2a2a1b2,I2a2a1b
I2a2a1b2a,I2a2a1b2
I2a2a1b2a1,I2a2a1b2a
I2a2a1b2a1a,I2a2a1b2a1
I2a2a1b2a1a1,I2a2a1b2a1a
I2a2a1b2a1a1a,I2a2a1b2a1a1
I2a2a1b2a1a1b,I2a2a1b2a1a1
I2a2a1b2a1a2,I2a2a1b2a1a
I2a2a1b2a1a2a,I2a2a1b2a1a2
I2a2a1b2a1a2b,I2a2a1b2a1a2
I2a2a1b2a1b,I2a2a1b2a1
I2a2a1b2a1c,I2a2a1b2a1
I2a2a1b2a2,I2a2a1b2a
I2a2a1b2a2a,I2a2a1b2a2
I2a2a1b2a2a1,I2a2a1b2a2a
I2a2a1b2a2a1a,I2a2a1b2a2a1
I2a2a1b2a2a1a1,I2a2a1b2a2a1a
I2a2a1b2a2a1a1a,I2a2a1b2a2a1a1
I2a2a1b2a2a1a1a1,I2a2a1b2a2a1a1a
I2a2a1b2a2a1a1a1a,I2a2a1b2a2a1a1a1
I2a2a1b2a2a1a1a1a1,I2a2a1b2a2a1a1a1a
I2a2a1b2a2a1a1a1a1a,I2a2a1b2a2a1a1a1a1
I2a2a1b2a2a1a1a1a1a1,I2a2a1b2a2a1a1a1a1a
I2a2a1b2a2a1a1a1a1a1a,I2a2a1b2a2a1a1a1a1a1
I2a2a1b2a2a1a1a1a1a1b,I2a2a1b2a2a1a1a1a1a1
I2a2a1b2a2a1a1a1a1a1c,I2a2a1b2a2a1a1a1a1a1
I2a2a1b2a2a1a1a1a1a2,I2a2a1b2a2a1a1a1a1a
I2a2a1b2a2a1a1a1a1b,I2a2a1b2a2a1a1a1a1
I2a2a1b2a2a1a1a1a2,I2a2a1b2a2a1a1a1a
I2a2a1b2a2a1a1a1a3,I2a2a1b2a2a1a1a1a
I2a2a1b2a2a1a1a1a3a,I2a2a1b2a2a1a1a1a3
I2a2a1b2a2a1a1a1a3a1,I2a2a1b2a2a1a1a1a3a
I2a2a1b2a2a1a1a1a3a2,I2a2a1b2a2a1a1a1a3a
I2a2a1b2a2a1a1a1a3b,I2a2a1b2a2a1a1a1a3
I2a2a1b2a2a1a1a1b,I2a2a1b2a2a1a1a1
I2a2a1b2a2a1a1a2,I2a2a1b2a2a1a1a
I2a2a1b2a2a1a1b,I2a2a1b2a2a1a1
I2a2a1b2a2a1a2,I2a2a1b2a2a1a
I2a2a1b2a2a1b,I2a2a1b2a2a1
I2a2a1b2a2a2,I2a2a1b2a2a
I2a2a1b2a2a2a,I2a2a1b2a2a2
I2a2a1b2a2a2a1,I2a2a1b2a2a2a
I2a2a1b2a2a2a2,I2a2a1b2a2a2a
I2a2a1b2a2a2b,I2a2a1b2a2a2
I2a2a1b2a2a2b1,I2a2a1b2a2a2b
I2a2a1b2a2a2b2,I2a2a1b2a2a2b
I2a2a1b2a2a3,I2a2a1b2a2a
I2a2a1b2a2a3a,I2a2a1b2a2a3
I2a2a1b2a2a3a1,I2a2a1b2a2a3a
I2a2a1b2a2a3a1a,I2a2a1b2a2a3a1
I2a2a1b2a2a3a1b,I2a2a1b2a2a3a1
I2a2a1b2a2a3a2,I2a2a1b2a2a3a
I2a2a1b2a2a3b,I2a2a1b2a2a3
I2a2a1b2a2b,I2a2a1b2a2
I2a2a1b2a2b1,I2a2a1b2a2b
I2a2a1b2a2b2,I2a2a1b2a2b
I2a2a1b2a2c,I2a2a1b2a2
I2a2a1b2a3,I2a2a1b2a
I2a2a1b2a4,I2a2a1b2a
I2a2a1b2b,I2a2a1b2
I2a2a1b2c,I2a2a1b2
I2a2a1b2c1,I2a2a1b2c
I2a2a1b2c2,I2a2a1b2c
I2a2a2,I2a2a
I2a2a2a,I2a2a2
I2a2a2b,I2a2a2
I2a2b,I2a2
I2a2b1,I2a2b
I2a2b2,I2a2b
I2a2b2a,I2a2b2
I2a2b2b,I2a2b2
I2b,I2
I2c,I2
I2c1,I2c
I2c1a,I2c1
I2c1a1,I2c1a
I2c1a1a,I2c1a1
I2c1a1a1,I2c1a1a
I2c1a1a2,I2c1a1a
I2c1a1b,I2c1a1
I2c1a2,I2c1a
I2c1a2a,I2c1a2
I2c1a2a1,I2c1a2a
I2c1a2a1a,I2c1a2a1
I2c1a2a1a1,I2c1a2a1a
I2c1a2a1a1a,I2c1a2a1a1
I2c1a2a1a1b,I2c1a2a1a1
I2c1a2a1a2,I2c1a2a1a
I2c1a2a1b,I2c1a2a1
I2c1a2a2,I2c1a2a
I2c1a2b,I2c1a2
I2c1b,I2c1
I2c2,I2c
I2c2a,I2c2
I2c2a1,I2c2a
I2c2a1a,I2c2a1
I2c2a1a1,I2c2a1a
I2c2a1a2,I2c2a1a
I2c2a1b,I2c2a1
I2c2a2,I2c2a
I2c2b,I2c2
IJ,IJK
IJK,HIJK
J,IJ
J1,J
J1a,J1
J1a1,J1a
J1a2,J1a
J1a2a,J1a2
J1a2b,J1a2
J1a2b1,J1a2b
J1a2b2,J1a2b
J1a2b2a,J1a2b2
J1a2b2a1,J1a2b2a
J1a2b2a2,J1a2b2a
J1a2b2b,J1a2b2
J1a2b3,J1a2b
J1a2b3a,J1a2b3
J1a2b3a1,J1a2b3a
J1a2b3a2,J1a2b3a
J1a2b3b,J1a2b3
J1a3,J1a
J1b,J1
J2,J
J2a,J2
J2a1,J2a
J2a1a,J2a1
J2a1a1,J2a1a
J2a1a1a,J2a1a1
J2a1a1b,J2a1a1
J2a1a2,J2a1a
J2a1b,J2a1
J2a1b1,J2a1b
J2a1b1a,J2a1b1
J2a1b1b,J2a1b1
J2a1b2,J2a1b
J2a1b3,J2a1b
J2a1c,J2a1
J2a1d,J2a1
J2a1e,J2a1
J2a1g,J2a1
J2a1h,J2a1
J2a1h1,J2a1h
J2a1h2,J2a1h
J2a1h2a,J2a1h2
J2a1h2a1,J2a1h2a
J2a1h2a1a,J2a1h2a1
J2a1h2a1b,J2a1h2a1
J2a1h2a2,J2a1h2a
J2a1h2b,J2a1h2
J2a1h2c,J2a1h2
J2a1h2d,J2a1h2
J2a1h2d1,J2a1h2d
J2a1h2d2,J2a1h2d
J2a1i,J2a1
J2a2,J2a
J2a2a,J2a2
J2a2a1,J2a2a
J2a2a2,J2a2a
J2a2b,J2a2
J2b,J2
J2b1,J2b
J2b2,J2b
J2b2a,J2b2
J2b2a1,J2b2a
J2b2a1a,J2b2a1
J2b2a1a1,J2b2a1a
J2b2a1a2,J2b2a1a
J2b2a1b,J2b2a1
J2b2a2,J2b2a
J2b2b,J2b2
K,IJK
K2,K
K2b,K2
K2b1,K2b
K2b1a,K2b1
K2b1a1,K2b1a
K2b1a2,K2b1a
K2b1a3,K2b1a
K2b1a3a,K2b1a3
K2b1a3b,K2b1a3
K2b1b,K2b1
K2b1c,K2b1
K2c,K2
K2d,K2
K2e,K2
L/K1a,LT/K1
L1,L/K1a
L1a,L1
L1a1,L1a
L1a2,L1a
L1b,L1
L1b1,L1b
L1b2,L1b
L2,L/K1a
LT/K1,K
M/K2b1d,K2b1
M1,M/K2b1d
M1a,M1
M1a1,M1a
M1a2,M1a
M1b,M1
M1b1,M1b
M1b1a,M1b1
M1b1b,M1b1
M1b2,M1b
M2,M/K2b1d
M2a,M2
M2b,M2
N/K2a1,NO1
N1,N/K2a1
N1a,N1
N1b,N1
N1b1,N1b
N1b2,N1b
N1c,N1
N1c1,N1c
N1c1a,N1c1
N1c1a1,N1c1a
N1c1a1a,N1c1a1
N1c1a1a1,N1c1a1a
N1c1a1a1a,N1c1a1a1
N1c1a1a1a1,N1c1a1a1a
N1c1a1a1a1a,N1c1a1a1a1
N1c1a1a1a1a1,N1c1a1a1a1a
N1c1a1a1a1a2,N1c1a1a1a1a
N1c1a1a1a1a2a,N1c1a1a1a1a2
N1c1a1a1a1a2b,N1c1a1a1a1a2
N1c1a1a1a1a3,N1c1a1a1a1a
N1c1a1a1a1a4,N1c1a1a1a1a
N1c1a1a1a1a4a,N1c1a1a1a1a4
N1c1a1a1a1a4b,N1c1a1a1a1a4
N1c1a1a1a1b,N1c1a1a1a1
N1c1a1a1a2,N1c1a1a1a
N1c1a1a1b,N1c1a1a1
N1c1a1a2,N1c1a1a
N1c1a1a2a,N1c1a1a2
N1c1a1a2a1,N1c1a1a2a
N1c1a1a2a1a,N1c1a1a2a1
N1c1a1a2a1a1,N1c1a1a2a1a
N1c1a1a2a1a2,N1c1a1a2a1a
N1c1a1a2a1b,N1c1a1a2a1
N1c1a1a2a2,N1c1a1a2a
N1c1a1a2b,N1c1a1a2
N1c1a1b,N1c1a1
N1c1a2,N1c1a
N1c1b,N1c1
N1c2,N1c
N1c2a,N1c2
N1c2b,N1c2
N1c2b1,N1c2b
N1c2b2,N1c2b
N2,N/K2a1
NO/K2a,K2
NO1,NO/K2a
NO2,NO/K2a
O/K2a2,NO1
O1,O/K2a2
O1a,O1
O1a1,O1a
O1a1a,O1a1
O1a1a1,O1a1a
O1a1a1a,O1a1a1
O1a1a1a1,O1a1a1a
O1a1a1a1a,O1a1a1a1
O1a1a1a1a1,O1a1a1a1a
O1a1a1a1a1a,O1a1a1a1a1
O1a1a1a1a1b,O1a1a1a1a1
O1a1a1a1a2,O1a1a1a1a
O1a1a1a1b,O1a1a1a1
O1a1a1a2,O1a1a1a
O1a1a1b,O1a1a1
O1a1a1b1,O1a1a1b
O1a1a1b2,O1a1a1b
O1a1a1b2a,O1a1a1b2
O1a1a1b2a1,O1a1a1b2a
O1a1a1b2a2,O1a1a1b2a
O1a1a1b2b,O1a1a1b2
O1a1a2,O1a1a
O1a1a2a,O1a1a2
O1a1a2a1,O1a1a2a
O1a1a2a2,O1a1a2a
O1a1a2b,O1a1a2
O1a1b,O1a1
O1a2,O1a
O1a2a,O1a2
O1a2a1,O1a2a
O1a2a1a,O1a2a1
O1a2a1b,O1a2a1
O1a2a2,O1a2a
O1a2b,O1a2
O1b,O1
O1b1,O1b
O1b1a,O1b1
O1b1a1,O1b1a
O1b1a1a,O1b1a1
O1b1a1a1,O1b1a1a
O1b1a1a1a,O1b1a1a1
O1b1a1a1a1,O1b1a1a1a
O1b1a1a1a1a,O1b1a1a1a1
O1b1a1a1a1a1,O1b1a1a1a1a
O1b1a1a1a1a1a,O1b1a1a1a1a1
O1b1a1a1a1a1a1,O1b1a1a1a1a1a
O1b1a1a1a1a1a1a,O1b1a1a1a1a1a1
O1b1a1a1a1a1a1a1,O1b1a1a1a1a1a1a
O1b1a1a1a1a1a1a2,O1b1a1a1a1a1a1a
O1b1a1a1a1a1a1b,O1b1a1a1a1a1a1
O1b1a1a1a1a1a2,O1b1a1a1a1a1a
O1b1a1a1a1a1a3,O1b1a1a1a1a1a
O1b1a1a1a1a1b,O1b1a1a1a1a1
O1b1a1a1a1a1b1,O1b1a1a1a1a1b
O1b1a1a1a1a1b2,O1b1a1a1a1a1b
O1b1a1a1a1a2,O1b1a1a1a1a
O1b1a1a1a1b,O1b1a1a1a1
O1b1a1a1a1b1,O1b1a1a1a1b
O1b1a1a1a1b1a,O1b1a1a1a1b1
O1b1a1a1a1b1b,O1b1a1a1a1b1
O1b1a1a1a1b2,O1b1a1a1a1b
O1b1a1a1a2,O1b1a1a1a
O1b1a1a1a2a,O1b1a1a1a2
O1b1a1a1a2a1,O1b1a1a1a2a
O1b1a1a1a2a1a,O1b1a1a1a2a1
O1b1a1a1a2a1b,O1b1a1a1a2a1
O1b1a1a1a2a2,O1b1a1a1a2a
O1b1a1a1a2a2a,O1b1a1a1a2a2
O1b1a1a1a2a2b,O1b1a1a1a2a2
O1b1a1a1a2b,O1b1a1a1a2
O1b1a1a1b,O1b1a1a1
O1b1a1a1b1,O1b1a1a1b
O1b1a1a1b1a,O1b1a1a1b1
O1b1a1a1b1a1,O1b1a1a1b1a
O1b1a1a1b1a2,O1b1a1a1b1a
O1b1a1a1b1b,O1b1a1a1b1
O1b1a1a1b1c,O1b1a1a1b1
O1b1a1a1b2,O1b1a1a1b
O1b1a1a2,O1b1a1a
O1b1a1b,O1b1a1
O1b1a1b1,O1b1a1b
O1b1a1b2,O1b1a1b
O1b1a2,O1b1a
O1b1a2a,O1b1a2
O1b1a2a1,O1b1a2a
O1b1a2a2,O1b1a2a
O1b1a2b,O1b1a2
O1b1a2b1,O1b1a2b
O1b1a2b1a,O1b1a2b1
O1b1a2b1b,O1b1a2b1
O1b1a2b2,O1b1a2b
O1b1a2c,O1b1a2
O1b1b,O1b1
O1b2,O1b
O1b2a,O1b2
O1b2a1,O1b2a
O1b2a1a,O1b2a1
O1b2a1a1,O1b2a1a
O1b2a1a2,O1b2a1a
O1b2a1b,O1b2a1
O1b2a1c,O1b2a1
O1b2a2,O1b2a
O1b2a2a,O1b2a2
O1b2a2a1,O1b2a2a
O1b2a2a1a,O1b2a2a1
O1b2a2a1b,O1b2a2a1
O1b2a2a2,O1b2a2a
O1b2a2b,O1b2a2
O1b2a3,O1b2a
O1b2a3a,O1b2a3
O1b2a3b,O1b2a3
O1b2b,O1b2
O2,O/K2a2
O2a,O2
O2a1,O2a
O2a1a,O2a1
O2a1a1,O2a1a
O2a1a1a,O2a1a1
O2a1a1a1,O2a1a1a
O2a1a1a2,O2a1a1a
O2a1a1b,O2a1a1
O2a1a2,O2a1a
O2a1a2a,O2a1a2
O2a1a2b,O2a1a2
O2a1b,O2a1
O2a1c,O2a1
O2a1c1,O2a1c
O2a1c1a,O2a1c1
O2a1c1a1,O2a1c1a
O2a1c1a1a,O2a1c1a1
O2a1c1a1a1,O2a1c1a1a
O2a1c1a1a1a,O2a1c1a1a1
O2a1c1a1a1a1,O2a1c1a1a1a
O2a1c1a1a1a1a,O2a1c1a1a1a1
O2a1c1a1a1a1b,O2a1c1a1a1a1
O2a1c1a1a1a2,O2a1c1a1a1a
O2a1c1a1a1b,O2a1c1a1a1
O2a1c1a1a2,O2a1c1a1a
O2a1c1a1b,O2a1c1a1
O2a1c1a2,O2a1c1a
O2a1c1a3,O2a1c1a
O2a1c1a4,O2a1c1a
O2a1c1a4a,O2a1c1a4
O2a1c1a4b,O2a1c1a4
O2a1c1a5,O2a1c1a
O2a1c1a5a,O2a1c1a5
O2a1c1a5b,O2a1c1a5
O2a1c1a6,O2a1c1a
O2a1c1a6a,O2a1c1a6
O2a1c1a6a1,O2a1c1a6a
O2a1c1a6a2,O2a1c1a6a
O2a1c1a6b,O2a1c1a6
O2a1c1a7,O2a1c1a
O2a1c1b,O2a1c1
O2a1c1b1,O2a1c1b
O2a1c1b1a,O2a1c1b1
O2a1c1b1a1,O2a1c1b1a
O2a1c1b1a2,O2a1c1b1a
O2a1c1b1b,O2a1c1b1
O2a1c1b2,O2a1c1b
O2a1c2,O2a1c
O2a2,O2a
O2a2a,O2a2
O2a2a1,O2a2a
O2a2a1a,O2a2a1
O2a2a1a1,O2a2a1a
O2a2a1a1a,O2a2a1a1
O2a2a1a1b,O2a2a1a1
O2a2a1a2,O2a2a1a
O2a2a1a2a,O2a2a1a2
O2a2a1a2a1,O2a2a1a2a
O2a2a1a2a1a,O2a2a1a2a1
O2a2a1a2a1a1,O2a2a1a2a1a
O2a2a1a2a1a2,O2a2a1a2a1a
O2a2a1a2a1b,O2a2a1a2a1
O2a2a1a2a2,O2a2a1a2a
O2a2a1a2a2a,O2a2a1a2a2
O2a2a1a2a2a1,O2a2a1a2a2a
O2a2a1a2a2a2,O2a2a1a2a2a
O2a2a1a2a2b,O2a2a1a2a2
O2a2a1a2b,O2a2a1a2
O2a2a1b,O2a2a1
O2a2a2,O2a2a
O2a2a2a,O2a2a2
O2a2a2a1,O2a2a2a
O2a2a2a2,O2a2a2a
O2a2a2b,O2a2a2
O2a2b,O2a2
O2a2b1,O2a2b
O2a2b1a,O2a2b1
O2a2b1a1,O2a2b1a
O2a2b1a1a,O2a2b1a1
O2a2b1a1a1,O2a2b1a1a
O2a2b1a1a1a,O2a2b1a1a1
O2a2b1a1a1a1,O2a2b1a1a1a
O2a2b1a1a1a2,O2a2b1a1a1a
O2a2b1a1a1a2a,O2a2b1a1a1a2
O2a2b1a1a1a2b,O2a2b1a1a1a2
O2a2b1a1a1a3,O2a2b1a1a1a
O2a2b1a1a1b,O2a2b1a1a1
O2a2b1a1a2,O2a2b1a1a
O2a2b1a1a2a,O2a2b1a1a2
O2a2b1a1a2a1,O2a2b1a1a2a
O2a2b1a1a2a1a,O2a2b1a1a2a1
O2a2b1a1a2a1b,O2a2b1a1a2a1
O2a2b1a1a2a2,O2a2b1a1a2a
O2a2b1a1a2b,O2a2b1a1a2
O2a2b1a1a3,O2a2b1a1a
O2a2b1a1a3a,O2a2b1a1a3
O2a2b1a1a3a1,O2a2b1a1a3a
O2a2b1a1a3a2,O2a2b1a1a3a
O2a2b1a1a3b,O2a2b1a1a3
O2a2b1a1b,O2a2b1a1
O2a2b1a2,O2a2b1a
O2a2b1a2a,O2a2b1a2
O2a2b1a2a1,O2a2b1a2a
O2a2b1a2a2,O2a2b1a2a
O2a2b1a2b,O2a2b1a2
O2a2b1b,O2a2b1
O2a2b2,O2a2b
O2a2b2a,O2a2b2
O2a2b2a1,O2a2b2a
O2a2b2a1a,O2a2b2a1
O2a2b2a1a1,O2a2b2a1a
O2a2b2a1a2,O2a2b2a1a
O2a2b2a1b,O2a2b2a1
O2a2b2a1b1,O2a2b2a1b
O2a2b2a1b2,O2a2b2a1b
O2a2b2a2,O2a2b2a
O2a2b2a2a,O2a2b2a2
O2a2b2a2b,O2a2b2a2
O2a2b2b,O2a2b2
O2a3,O2a
O2b,O2
O2b1,O2b
O2b1a,O2b1
O2b1b,O2b1
O2b2,O2b
P/K2b2,K2b
P1/K2b2a,P/K2b2
P2,P/K2b2
Q/K2b2a1,P1/K2b2a
Q1,Q/K2b2a1
Q1a,Q1
Q1a1,Q1a
Q1a1a,Q1a1
Q1a1a1,Q1a1a
Q1a1a2,Q1a1a
Q1a1b,Q1a1
Q1a1b1,Q1a1b
Q1a1b1a,Q1a1b1
Q1a1b1b,Q1a1b1
Q1a1b2,Q1a1b
Q1a2,Q1a
Q1a2a,Q1a2
Q1a2a1,Q1a2a
Q1a2a1a,Q1a2a1
Q1a2a1a1,Q1a2a1a
Q1a2a1a1a,Q1a2a1a1
Q1a2a1a1b,Q1a2a1a1
Q1a2a1a1c,Q1a2a1a1
Q1a2a1a1d,Q1a2a1a1
Q1a2a1a1e,Q1a2a1a1
Q1a2a1a1f,Q1a2a1a1
Q1a2a1a2,Q1a2a1a
Q1a2a1b,Q1a2a1
Q1a2a1b1,Q1a2a1b
Q1a2a1b2,Q1a2a1b
Q1a2a1c,Q1a2a1
Q1a2a1c1,Q1a2a1c
Q1a2a1c2,Q1a2a1c
Q1a2a2,Q1a2a
Q1a2b,Q1a2
Q1a2b1,Q1a2b
Q1a2b2,Q1a2b
Q1a2b2a,Q1a2b2
Q1a2b2b,Q1a2b2
Q1a2c,Q1a2
Q1b,Q1
Q1b1,Q1b
Q1b1a,Q1b1
Q1b1a1,Q1b1a
Q1b1a1a,Q1b1a1
Q1b1a1a1,Q1b1a1a
Q1b1a1a1a,Q1b1a1a1
Q1b1a1a1a1,Q1b1a1a1a
Q1b1a1a1a1a,Q1b1a1a1a1
Q1b1a1a1a1a1,Q1b1a1a1a1a
Q1b1a1a1a1a2,Q1b1a1a1a1a
Q1b1a1a1a1a2a,Q1b1a1a1a1a2
Q1b1a1a1a1a2b,Q1b1a1a1a1a2
Q1b1a1a1a1a3,Q1b1a1a1a1a
Q1b1a1a1a1a3a,Q1b1a1a1a1a3
Q1b1a1a1a1a3b,Q1b1a1a1a1a3
Q1b1a1a1a1b,Q1b1a1a1a1
Q1b1a1a1a1b1,Q1b1a1a1a1b
Q1b1a1a1a1b1a,Q1b1a1a1a1b1
Q1b1a1a1a1b1a1,Q1b1a1a1a1b1a
Q1b1a1a1a1b1a2,Q1b1a1a1a1b1a
Q1b1a1a1a1b1b,Q1b1a1a1a1b1
Q1b1a1a1a1b2,Q1b1a1a1a1b
Q1b1a1a1a2,Q1b1a1a1a
Q1b1a1a1b,Q1b1a1a1
Q1b1a1a2,Q1b1a1a
Q1b1a1a2a,Q1b1a1a2
Q1b1a1a2a1,Q1b1a1a2a
Q1b1a1a2a1a,Q1b1a1a2a1
Q1b1a1a2a1b,Q1b1a1a2a1
Q1b1a1a2a2,Q1b1a1a2a
Q1b1a1a2b,Q1b1a1a2
Q1b1a1b,Q1b1a1
Q1b1a2,Q1b1a
Q1b1b,Q1b1
Q1b1b1,Q1b1b
Q1b1b2,Q1b1b
Q1b1b2a,Q1b1b2
Q1b1b2b,Q1b1b2
Q1b2,Q1b
Q1b2a,Q1b2
Q1b2a1,Q1b2a
Q1b2a1a,Q1b2a1
Q1b2a1a1,Q1b2a1a
Q1b2a1a2,Q1b2a1a
Q1b2a1b,Q1b2a1
Q1b2a2,Q1b2a
Q1b2b,Q1b2
Q2,Q/K2b2a1
R/K2b2a2,P1/K2b2a
R1,R/K2b2a2
R1a,R1
R1a1,R1a
R1a1a,R1a1
R1a1a1,R1a1a
R1a1a1a,R1a1a1
R1a1a1b,R1a1a1
R1a1a1b1,R1a1a1b
R1a1a1b1a,R1a1a1b1
R1a1a1b1a1,R1a1a1b1a
R1a1a1b1a1a,R1a1a1b1a1
R1a1a1b1a1a1,R1a1a1b1a1a
R1a1a1b1a1a1a,R1a1a1b1a1a1
R1a1a1b1a1a1a1,R1a1a1b1a1a1a
R1a1a1b1a1a1a2,R1a1a1b1a1a1a
R1a1a1b1a1a1a3,R1a1a1b1a1a1a
R1a1a1b1a1a1b,R1a1a1b1a1a1
R1a1a1b1a1a2,R1a1a1b1a1a
R1a1a1b1a1b,R1a1a1b1a1
R1a1a1b1a1b1,R1a1a1b1a1b
R1a1a1b1a1b1a,R1a1a1b1a1b1
R1a1a1b1a1b1b,R1a1a1b1a1b1
R1a1a1b1a1b1c,R1a1a1b1a1b1
R1a1a1b1a1b1d,R1a1a1b1a1b1
R1a1a1b1a1b2,R1a1a1b1a1b
R1a1a1b1a2,R1a1a1b1a
R1a1a1b1a2a,R1a1a1b1a2
R1a1a1b1a2a1,R1a1a1b1a2a
R1a1a1b1a2a2,R1a1a1b1a2a
R1a1a1b1a2a2a,R1a1a1b1a2a2
R1a1a1b1a2a2b,R1a1a1b1a2a2
R1a1a1b1a2b,R1a1a1b1a2
R1a1a1b1a2b1,R1a1a1b1a2b
R1a1a1b1a2b2,R1a1a1b1a2b
R1a1a1b1a2b3,R1a1a1b1a2b
R1a1a1b1a2b3a,R1a1a1b1a2b3
R1a1a1b1a2b3a1,R1a1a1b1a2b3a
R1a1a1b1a2b3a2,R1a1a1b1a2b3a
R1a1a1b1a2b3b,R1a1a1b1a2b3
R1a1a1b1a2b3c,R1a1a1b1a2b3
R1a1a1b1a2b3c1,R1a1a1b1a2b3c
R1a1a1b1a2b3c2,R1a1a1b1a2b3c
R1a1a1b1a2b3d,R1a1a1b1a2b3
R1a1a1b1a2b3d1,R1a1a1b1a2b3d
R1a1a1b1a2b3d2,R1a1a1b1a2b3d
R1a1a1b1a2b3e,R1a1a1b1a2b3
R1a1a1b1a2b3f,R1a1a1b1a2b3
R1a1a1b1a2c,R1a1a1b1a2
R1a1a1b1a3,R1a1a1b1a
R1a1a1b1a3a,R1a1a1b1a3
R1a1a1b1a3a1,R1a1a1b1a3a
R1a1a1b1a3a1a,R1a1a1b1a3a1
R1a1a1b1a3a1a1,R1a1a1b1a3a1a
R1a1a1b1a3a1a1a,R1a1a1b1a3a1a1
R1a1a1b1a3a1a1a1,R1a1a1b1a3a1a1a
R1a1a1b1a3a1a1a2,R1a1a1b1a3a1a1a
R1a1a1b1a3a1a1b,R1a1a1b1a3a1a1
R1a1a1b1a3a1a2,R1a1a1b1a3a1a
R1a1a1b1a3a1b,R1a1a1b1a3a1
R1a1a1b1a3a1c,R1a1a1b1a3a1
R1a1a1b1a3a2,R1a1a1b1a3a
R1a1a1b1a3b,R1a1a1b1a3
R1a1a1b1a3b1,R1a1a1b1a3b
R1a1a1b1a3b1a,R1a1a1b1a3b1
R1a1a1b1a3b1b,R1a1a1b1a3b1
R1a1a1b1a3b2,R1a1a1b1a3b
R1a1a1b1a3c,R1a1a1b1a3
R1a1a1b1b,R1a1a1b1
R1a1a1b2,R1a1a1b
R1a1a1b2a,R1a1a1b2
R1a1a1b2a1,R1a1a1b2a
R1a1a1b2a1a,R1a1a1b2a1
R1a1a1b2a1b,R1a1a1b2a1
R1a1a1b2a2,R1a1a1b2a
R1a1a1b2a2a,R1a1a1b2a2
R1a1a1b2a2b,R1a1a1b2a2
R1a1a1b2a2b1,R1a1a1b2a2b
R1a1a1b2a2b1a,R1a1a1b2a2b1
R1a1a1b2a2b1b,R1a1a1b2a2b1
R1a1a1b2a2b2,R1a1a1b2a2b
R1a1a1b2b,R1a1a1b2
R1a1a2,R1a1a
R1a1b,R1a1
R1a2,R1a
R1b,R1
R1b1,R1b
R1b1a,R1b1
R1b1a1,R1b1a
R1b1a2,R1b1a
R1b1a2a,R1b1a2
R1b1a2a1,R1b1a2a
R1b1a2a1a,R1b1a2a1
R1b1a2a1a1,R1b1a2a1a
R1b1a2a1a1a,R1b1a2a1a1
R1b1a2a1a1a1,R1b1a2a1a1a
R1b1a2a1a1a2,R1b1a2a1a1a
R1b1a2a1a1a2a,R1b1a2a1a1a2
R1b1a2a1a1a2b,R1b1a2a1a1a2
R1b1a2a1a1a3,R1b1a2a1a1a
R1b1a2a1a1b,R1b1a2a1a1
R1b1a2a1a1b1,R1b1a2a1a1b
R1b1a2a1a1b1a,R1b1a2a1a1b1
R1b1a2a1a1b1a1,R1b1a2a1a1b1a
R1b1a2a1a1b1a1a,R1b1a2a1a1b1a1
R1b1a2a1a1b1a1b,R1b1a2a1a1b1a1
R1b1a2a1a1b1a2,R1b1a2a1a1b1a
R1b1a2a1a1b1b,R1b1a2a1a1b1
R1b1a2a1a1b2,R1b1a2a1a1b
R1b1a2a1a1c,R1b1a2a1a1
R1b1a2a1a1c1,R1b1a2a1a1c
R1b1a2a1a1c1a,R1b1a2a1a1c1
R1b1a2a1a1c1a1,R1b1a2a1a1c1a
R1b1a2a1a1c1a2,R1b1a2a1a1c1a
R1b1a2a1a1c1a2a,R1b1a2a1a1c1a2
R1b1a2a1a1c1a2b,R1b1a2a1a1c1a2
R1b1a2a1a1c1a2b1,R1b1a2a1a1c1a2b
R1b1a2a1a1c1a2b1a,R1b1a2a1a1c1a2b1
R1b1a2a1a1c1a2b1a1,R1b1a2a1a1c1a2b1a
R1b1a2a1a1c1a2b1a1a,R1b1a2a1a1c1a2b1a1
R1b1a2a1a1c1a2b1a1b,R1b1a2a1a1c1a2b1a1
R1b1a2a1a1c1a2b1a2,R1b1a2a1a1c1a2b1a
R1b1a2a1a1c1a2b1b,R1b1a2a1a1c1a2b1
R1b1a2a1a1c1a2b2,R1b1a2a1a1c1a2b
R1b1a2a1a1c1a2b2a,R1b1a2a1a1c1a2b2
R1b1a2a1a1c1a2b2a1,R1b1a2a1a1c1a2b2a
R1b1a2a1a1c1a2b2a1a,R1b1a2a1a1c1a2b2a1
R1b1a2a1a1c1a2b2a1b,R1b1a2a1a1c1a2b2a1
R1b1a2a1a1c1a2b2a2,R1b1a2a1a1c1a2b2a
R1b1a2a1a1c1a2b2b,R1b1a2a1a1c1a2b2
R1b1a2a1a1c1b,R1b1a2a1a1c1
R1b1a2a1a1c1b1,R1b1a2a1a1c1b
R1b1a2a1a1c1b2,R1b1a2a1a1c1b
R1b1a2a1a1c2,R1b1a2a1a1c
R1b1a2a1a1c2a,R1b1a2a1a1c2
R1b1a2a1a1c2a1,R1b1a2a1a1c2a
R1b1a2a1a1c2a2,R1b1a2a1a1c2a
R1b1a2a1a1c2b,R1b1a2a1a1c2
R1b1a2a1a1c2b1,R1b1a2a1a1c2b
R1b1a2a1a1c2b1a,R1b1a2a1a1c2b1
R1b1a2a1a1c2b1a1,R1b1a2a1a1c2b1a
R1b1a2a1a1c2b1a1a,R1b1a2a1a1c2b1a1
R1b1a2a1a1c2b1a1a1,R1b1a2a1a1c2b1a1a
R1b1a2a1a1c2b1a1a1a,R1b1a2a1a1c2b1a1a1
R1b1a2a1a1c2b1a1a1b,R1b1a2a1a1c2b1a1a1
R1b1a2a1a1c2b1a1a2,R1b1a2a1a1c2b1a1a
R1b1a2a1a1c2b1a1b,R1b1a2a1a1c2b1a1
R1b1a2a1a1c2b1a2,R1b1a2a1a1c2b1a
R1b1a2a1a1c2b1b,R1b1a2a1a1c2b1
R1b1a2a1a1c2b2,R1b1a2a1a1c2b
R1b1a2a1a1c2b2a,R1b1a2a1a1c2b2
R1b1a2a1a1c2b2a1,R1b1a2a1a1c2b2a
R1b1a2a1a1c2b2a1a,R1b1a2a1a1c2b2a1
R1b1a2a1a1c2b2a1a1,R1b1a2a1a1c2b2a1a
R1b1a2a1a1c2b2a1a1a,R1b1a2a1a1c2b2a1a1
R1b1a2a1a1c2b2a1a1a1,R1b1a2a1a1c2b2a1a1a
R1b1a2a1a1c2b2a1a1a1a,R1b1a2a1a1c2b2a1a1a1
R1b1a2a1a1c2b2a1a1a1b,R1b1a2a1a1c2b2a1a1a1
R1b1a2a1a1c2b2a1a1a2,R1b1a2a1a1c2b2a1a1a
R1b1a2a1a1c2b2a1a1b,R1b1a2a1a1c2b2a1a1
R1b1a2a1a1c2b2a1a1b1,R1b1a2a1a1c2b2a1a1b
R1b1a2a1a1c2b2a1a1b1a,R1b1a2a1a1c2b2a1a1b1
R1b1a2a1a1c2b2a1a1b1a1,R1b1a2a1a1c2b2a1a1b1a
R1b1a2a1a1c2b2a1a1b1a2,R1b1a2a1a1c2b2a1a1b1a
R1b1a2a1a1c2b2a1a1b1b,R1b1a2a1a1c2b2a1a1b1
R1b1a2a1a1c2b2a1a1b2,R1b1a2a1a1c2b2a1a1b
R1b1a2a1a1c2b2a1a1b2a,R1b1a2a1a1c2b2a1a1b2
R1b1a2a1a1c2b2a1a1b2a1,R1b1a2a1a1c2b2a1a1b2a
R1b1a2a1a1c2b2a1a1b2a1a,R1b1a2a1a1c2b2a1a1b2a1
R1b1a2a1a1c2b2a1a1b2a1b,R1b1a2a1a1c2b2a1a1b2a1
R1b1a2a1a1c2b2a1a1b2a2,R1b1a2a1a1c2b2a1a1b2a
R1b1a2a1a1c2b2a1a1b2b,R1b1a2a1a1c2b2a1a1b2
R1b1a2a1a1c2b2a1a1b2b1,R1b1a2a1a1c2b2a1a1b2b
R1b1a2a1a1c2b2a1a1b2b1a,R1b1a2a1a1c2b2a1a1b2b1
R1b1a2a1a1c2b2a1a1b2b1b,R1b1a2a1a1c2b2a1a1b2b1
R1b1a2a1a1c2b2a1a1b2b2,R1b1a2a1a1c2b2a1a1b2b
R1b1a2a1a1c2b2a1a2,R1b1a2a1a1c2b2a1a
R1b1a2a1a1c2b2a1a2a,R1b1a2a1a1c2b2a1a2
R1b1a2a1a1c2b2a1a2a1,R1b1a2a1a1c2b2a1a2a
R1b1a2a1a1c2b2a1a2a2,R1b1a2a1a1c2b2a1a2a
R1b1a2a1a1c2b2a1a2b,R1b1a2a1a1c2b2a1a2
R1b1a2a1a1c2b2a1b,R1b1a2a1a1c2b2a1
R1b1a2a1a1c2b2a2,R1b1a2a1a1c2b2a
R1b1a2a1a1c2b2b,R1b1a2a1a1c2b2
R1b1a2a1a1c2b2b1,R1b1a2a1a1c2b2b
R1b1a2a1a1c2b2b1a,R1b1a2a1a1c2b2b1
R1b1a2a1a1c2b2b1a1,R1b1a2a1a1c2b2b1a
R1b1a2a1a1c2b2b1a2,R1b1a2a1a1c2b2b1a
R1b1a2a1a1c2b2b1b,R1b1a2a1a1c2b2b1
R1b1a2a1a1c2b2b2,R1b1a2a1a1c2b2b
R1b1a2a1a1c2b3,R1b1a2a1a1c2b
R1b1a2a1a1c2c,R1b1a2a1a1c2
R1b1a2a1a1c2d,R1b1a2a1a1c2
R1b1a2a1a1c2d1,R1b1a2a1a1c2d
R1b1a2a1a1c2d1a,R1b1a2a1a1c2d1
R1b1a2a1a1c2d1b,R1b1a2a1a1c2d1
R1b1a2a1a1c2d2,R1b1a2a1a1c2d
R1b1a2a1a1c4,R1b1a2a1a1c
R1b1a2a1a1d,R1b1a2a1a1
R1b1a2a1a1d1,R1b1a2a1a1d
R1b1a2a1a1d2,R1b1a2a1a1d
R1b1a2a1a1e,R1b1a2a1a1
R1b1a2a1a1e1,R1b1a2a1a1e
R1b1a2a1a1e2,R1b1a2a1a1e
R1b1a2a1a1f,R1b1a2a1a1
R1b1a2a1a1g,R1b1a2a1a1
R1b1a2a1a1h,R1b1a2a1a1
R1b1a2a1a2,R1b1a2a1a
R1b1a2a1a2a,R1b1a2a1a2
R1b1a2a1a2a1,R1b1a2a1a2a
R1b1a2a1a2a1a,R1b1a2a1a2a1
R1b1a2a1a2a1a1,R1b1a2a1a2a1a
R1b1a2a1a2a1a1a,R1b1a2a1a2a1a1
R1b1a2a1a2a1a1a1,R1b1a2a1a2a1a1a
R1b1a2a1a2a1a1a1a,R1b1a2a1a2a1a1a1
R1b1a2a1a2a1a1a1a1,R1b1a2a1a2a1a1a1a
R1b1a2a1a2a1a1a1a2,R1b1a2a1a2a1a1a1a
R1b1a2a1a2a1a1a1b,R1b1a2a1a2a1a1a1
R1b1a2a1a2a1a1a2,R1b1a2a1a2a1a1a
R1b1a2a1a2a1a1a2a,R1b1a2a1a2a1a1a2
R1b1a2a1a2a1a1a2b,R1b1a2a1a2a1a1a2
R1b1a2a1a2a1a1b,R1b1a2a1a2a1a1
R1b1a2a1a2a1a2,R1b1a2a1a2a1a
R1b1a2a1a2a1b,R1b1a2a1a2a1
R1b1a2a1a2a1b1,R1b1a2a1a2a1b
R1b1a2a1a2a1b1a,R1b1a2a1a2a1b1
R1b1a2a1a2a1b1a1,R1b1a2a1a2a1b1a
R1b1a2a1a2a1b1a2,R1b1a2a1a2a1b1a
R1b1a2a1a2a1b1b,R1b1a2a1a2a1b1
R1b1a2a1a2a1b2,R1b1a2a1a2a1b
R1b1a2a1a2a1b3,R1b1a2a1a2a1b
R1b1a2a1a2a2,R1b1a2a1a2a
R1b1a2a1a2a2a,R1b1a2a1a2a2
R1b1a2a1a2a2b,R1b1a2a1a2a2
R1b1a2a1a2a3,R1b1a2a1a2a
R1b1a2a1a2a4,R1b1a2a1a2a
R1b1a2a1a2a5,R1b1a2a1a2a
R1b1a2a1a2a6,R1b1a2a1a2a
R1b1a2a1a2b,R1b1a2a1a2
R1b1a2a1a2b1,R1b1a2a1a2b
R1b1a2a1a2b1a,R1b1a2a1a2b1
R1b1a2a1a2b1a1,R1b1a2a1a2b1a
R1b1a2a1a2b1a2,R1b1a2a1a2b1a
R1b1a2a1a2b1a2a,R1b1a2a1a2b1a2
R1b1a2a1a2b1a2a1,R1b1a2a1a2b1a2a
R1b1a2a1a2b1a2a2,R1b1a2a1a2b1a2a
R1b1a2a1a2b1a2b,R1b1a2a1a2b1a2
R1b1a2a1a2b1b,R1b1a2a1a2b1
R1b1a2a1a2b1c,R1b1a2a1a2b1
R1b1a2a1a2b1c1,R1b1a2a1a2b1c
R1b1a2a1a2b1c1a,R1b1a2a1a2b1c1
R1b1a2a1a2b1c1a1,R1b1a2a1a2b1c1a
R1b1a2a1a2b1c1a1a,R1b1a2a1a2b1c1a1
R1b1a2a1a2b1c1a1a1,R1b1a2a1a2b1c1a1a
R1b1a2a1a2b1c1a1a1a,R1b1a2a1a2b1c1a1a1
R1b1a2a1a2b1c1a1a1a1,R1b1a2a1a2b1c1a1a1a
R1b1a2a1a2b1c1a1a1a2,R1b1a2a1a2b1c1a1a1a
R1b1a2a1a2b1c1a1a1a2a,R1b1a2a1a2b1c1a1a1a2
R1b1a2a1a2b1c1a1a1a2a1,R1b1a2a1a2b1c1a1a1a2a
R1b1a2a1a2b1c1a1a1a2a2,R1b1a2a1a2b1c1a1a1a2a
R1b1a2a1a2b1c1a1a1a2b,R1b1a2a1a2b1c1a1a1a2
R1b1a2a1a2b1c1a1a1b,R1b1a2a1a2b1c1a1a1
R1b1a2a1a2b1c1a1a2,R1b1a2a1a2b1c1a1a
R1b1a2a1a2b1c1a1a2a,R1b1a2a1a2b1c1a1a2
R1b1a2a1a2b1c1a1a2a1,R1b1a2a1a2b1c1a1a2a
R1b1a2a1a2b1c1a1a2a1a,R1b1a2a1a2b1c1a1a2a1
R1b1a2a1a2b1c1a1a2a1a1,R1b1a2a1a2b1c1a1a2a1a
R1b1a2a1a2b1c1a1a2a1a2,R1b1a2a1a2b1c1a1a2a1a
R1b1a2a1a2b1c1a1a2a1b,R1b1a2a1a2b1c1a1a2a1
R1b1a2a1a2b1c1a1a2a2,R1b1a2a1a2b1c1a1a2a
R1b1a2a1a2b1c1a1a2b,R1b1a2a1a2b1c1a1a2
R1b1a2a1a2b1c1a1b,R1b1a2a1a2b1c1a1
R1b1a2a1a2b1c1a1c,R1b1a2a1a2b1c1a1
R1b1a2a1a2b1c1a2,R1b1a2a1a2b1c1a
R1b1a2a1a2b1c1b,R1b1a2a1a2b1c1
R1b1a2a1a2b1c1b1,R1b1a2a1a2b1c1b
R1b1a2a1a2b1c1b1a,R1b1a2a1a2b1c1b1
R1b1a2a1a2b1c1b1a1,R1b1a2a1a2b1c1b1a
R1b1a2a1a2b1c1b1a1a,R1b1a2a1a2b1c1b1a1
R1b1a2a1a2b1c1b1a1b,R1b1a2a1a2b1c1b1a1
R1b1a2a1a2b1c1b1a2,R1b1a2a1a2b1c1b1a
R1b1a2a1a2b1c1b1a2a,R1b1a2a1a2b1c1b1a2
R1b1a2a1a2b1c1b1a2b,R1b1a2a1a2b1c1b1a2
R1b1a2a1a2b1c1b1b,R1b1a2a1a2b1c1b1
R1b1a2a1a2b1c1b2,R1b1a2a1a2b1c1b
R1b1a2a1a2b1c1b2a,R1b1a2a1a2b1c1b2
R1b1a2a1a2b1c1b2a1,R1b1a2a1a2b1c1b2a
R1b1a2a1a2b1c1b2a2,R1b1a2a1a2b1c1b2a
R1b1a2a1a2b1c1b2b,R1b1a2a1a2b1c1b2
R1b1a2a1a2b1c1b3,R1b1a2a1a2b1c1b
R1b1a2a1a2b1c1b3a,R1b1a2a1a2b1c1b3
R1b1a2a1a2b1c1b3a1,R1b1a2a1a2b1c1b3a
R1b1a2a1a2b1c1b3a2,R1b1a2a1a2b1c1b3a
R1b1a2a1a2b1c1b3b,R1b1a2a1a2b1c1b3
R1b1a2a1a2b1c1b4,R1b1a2a1a2b1c1b
R1b1a2a1a2b1c1b5,R1b1a2a1a2b1c1b
R1b1a2a1a2b1c1c,R1b1a2a1a2b1c1
R1b1a2a1a2b1c1c1,R1b1a2a1a2b1c1c
R1b1a2a1a2b1c1c2,R1b1a2a1a2b1c1c
R1b1a2a1a2b1c2,R1b1a2a1a2b1c
R1b1a2a1a2b1c2a,R1b1a2a1a2b1c2
R1b1a2a1a2b1c2a1,R1b1a2a1a2b1c2a
R1b1a2a1a2b1c2a2,R1b1a2a1a2b1c2a
R1b1a2a1a2b1c2b,R1b1a2a1a2b1c2
R1b1a2a1a2b1c2b1,R1b1a2a1a2b1c2b
R1b1a2a1a2b1c2b1a,R1b1a2a1a2b1c2b1
R1b1a2a1a2b1c2b1a1,R1b1a2a1a2b1c2b1a
R1b1a2a1a2b1c2b1a1a,R1b1a2a1a2b1c2b1a1
R1b1a2a1a2b1c2b1a1b,R1b1a2a1a2b1c2b1a1
R1b1a2a1a2b1c2b1a2,R1b1a2a1a2b1c2b1a
R1b1a2a1a2b1c2b1b,R1b1a2a1a2b1c2b1
R1b1a2a1a2b1c2b2,R1b1a2a1a2b1c2b
R1b1a2a1a2b1c2b2a,R1b1a2a1a2b1c2b2
R1b1a2a1a2b1c2b2a1,R1b1a2a1a2b1c2b2a
R1b1a2a1a2b1c2b2a2,R1b1a2a1a2b1c2b2a
R1b1a2a1a2b1c2b2b,R1b1a2a1a2b1c2b2
R1b1a2a1a2b1d,R1b1a2a1a2b1
R1b1a2a1a2b1d1,R1b1a2a1a2b1d
R1b1a2a1a2b1d2,R1b1a2a1a2b1d
R1b1a2a1a2b2,R1b1a2a1a2b
R1b1a2a1a2b3,R1b1a2a1a2b
R1b1a2a1a2b3a,R1b1a2a1a2b3
R1b1a2a1a2b3b,R1b1a2a1a2b3
R1b1a2a1a2b3c,R1b1a2a1a2b3
R1b1a2a1a2c,R1b1a2a1a2
R1b1a2a1a2c1,R1b1a2a1a2c
R1b1a2a1a2c1a,R1b1a2a1a2c1
R1b1a2a1a2c1a1,R1b1a2a1a2c1a
R1b1a2a1a2c1a1a,R1b1a2a1a2c1a1
R1b1a2a1a2c1a1a1,R1b1a2a1a2c1a1a
R1b1a2a1a2c1a1a1a,R1b1a2a1a2c1a1a1
R1b1a2a1a2c1a1a1a1,R1b1a2a1a2c1a1a1a
R1b1a2a1a2c1a1a1a1a,R1b1a2a1a2c1a1a1a1
R1b1a2a1a2c1a1a1a1a1,R1b1a2a1a2c1a1a1a1a
R1b1a2a1a2c1a1a1a1a1a,R1b1a2a1a2c1a1a1a1a1
R1b1a2a1a2c1a1a1a1a1a1,R1b1a2a1a2c1a1a1a1a1a
R1b1a2a1a2c1a1a1a1a1a1a,R1b1a2a1a2c1a1a1a1a1a1
R1b1a2a1a2c1a1a1a1a1a1b,R1b1a2a1a2c1a1a1a1a1a1
R1b1a2a1a2c1a1a1a1a1a2,R1b1a2a1a2c1a1a1a1a1a
R1b1a2a1a2c1a1a1a1a1a2a,R1b1a2a1a2c1a1a1a1a1a2
R1b1a2a1a2c1a1a1a1a1a2a1,R1b1a2a1a2c1a1a1a1a1a2a
R1b1a2a1a2c1a1a1a1a1a2a2,R1b1a2a1a2c1a1a1a1a1a2a
R1b1a2a1a2c1a1a1a1a1a2b,R1b1a2a1a2c1a1a1a1a1a2
R1b1a2a1a2c1a1a1a1a1a2b1,R1b1a2a1a2c1a1a1a1a1a2b
R1b1a2a1a2c1a1a1a1a1a2b2,R1b1a2a1a2c1a1a1a1a1a2b
R1b1a2a1a2c1a1a1a1a1a3,R1b1a2a1a2c1a1a1a1a1a
R1b1a2a1a2c1a1a1a1a1a3a,R1b1a2a1a2c1a1a1a1a1a3
R1b1a2a1a2c1a1a1a1a1a3b,R1b1a2a1a2c1a1a1a1a1a3
R1b1a2a1a2c1a1a1a1a1a4,R1b1a2a1a2c1a1a1a1a1a
R1b1a2a1a2c1a1a1a1a1a4a,R1b1a2a1a2c1a1a1a1a1a4
R1b1a2a1a2c1a1a1a1a1a4b,R1b1a2a1a2c1a1a1a1a1a4
R1b1a2a1a2c1a1a1a1a1b,R1b1a2a1a2c1a1a1a1a1
R1b1a2a1a2c1a1a1a1a2,R1b1a2a1a2c1a1a1a1a
R1b1a2a1a2c1a1a1a1b,R1b1a2a1a2c1a1a1a1
R1b1a2a1a2c1a1a1a1b1,R1b1a2a1a2c1a1a1a1b
R1b1a2a1a2c1a1a1a1b2,R1b1a2a1a2c1a1a1a1b
R1b1a2a1a2c1a1a1a1c,R1b1a2a1a2c1a1a1a1
R1b1a2a1a2c1a1a1a1c1,R1b1a2a1a2c1a1a1a1c
R1b1a2a1a2c1a1a1a1c2,R1b1a2a1a2c1a1a1a1c
R1b1a2a1a2c1a1a1a2,R1b1a2a1a2c1a1a1a
R1b1a2a1a2c1a1a1b,R1b1a2a1a2c1a1a1
R1b1a2a1a2c1a1a2,R1b1a2a1a2c1a1a
R1b1a2a1a2c1a1b,R1b1a2a1a2c1a1
R1b1a2a1a2c1a2,R1b1a2a1a2c1a
R1b1a2a1a2c1a2a,R1b1a2a1a2c1a2
R1b1a2a1a2c1a2a1,R1b1a2a1a2c1a2a
R1b1a2a1a2c1a2a2,R1b1a2a1a2c1a2a
R1b1a2a1a2c1a2b,R1b1a2a1a2c1a2
R1b1a2a1a2c1b,R1b1a2a1a2c1
R1b1a2a1a2c1b1,R1b1a2a1a2c1b
R1b1a2a1a2c1b1a,R1b1a2a1a2c1b1
R1b1a2a1a2c1b1a1,R1b1a2a1a2c1b1a
R1b1a2a1a2c1b1a1a,R1b1a2a1a2c1b1a1
R1b1a2a1a2c1b1a1a1,R1b1a2a1a2c1b1a1a
R1b1a2a1a2c1b1a1a1a,R1b1a2a1a2c1b1a1a1
R1b1a2a1a2c1b1a1a1a1,R1b1a2a1a2c1b1a1a1a
R1b1a2a1a2c1b1a1a1a2,R1b1a2a1a2c1b1a1a1a
R1b1a2a1a2c1b1a1a1a2a,R1b1a2a1a2c1b1a1a1a2
R1b1a2a1a2c1b1a1a1a2b,R1b1a2a1a2c1b1a1a1a2
R1b1a2a1a2c1b1a1a1b,R1b1a2a1a2c1b1a1a1
R1b1a2a1a2c1b1a1a2,R1b1a2a1a2c1b1a1a
R1b1a2a1a2c1b1a1a3,R1b1a2a1a2c1b1a1a
R1b1a2a1a2c1b1a1b,R1b1a2a1a2c1b1a1
R1b1a2a1a2c1b1a2,R1b1a2a1a2c1b1a
R1b1a2a1a2c1b1b,R1b1a2a1a2c1b1
R1b1a2a1a2c1b1b1,R1b1a2a1a2c1b1b
R1b1a2a1a2c1b1b1a,R1b1a2a1a2c1b1b1
R1b1a2a1a2c1b1b1a1,R1b1a2a1a2c1b1b1a
R1b1a2a1a2c1b1b1a1a,R1b1a2a1a2c1b1b1a1
R1b1a2a1a2c1b1b1a1a1,R1b1a2a1a2c1b1b1a1a
R1b1a2a1a2c1b1b1a1a2,R1b1a2a1a2c1b1b1a1a
R1b1a2a1a2c1b1b1a1b,R1b1a2a1a2c1b1b1a1
R1b1a2a1a2c1b1b1a2,R1b1a2a1a2c1b1b1a
R1b1a2a1a2c1b1b1a2a,R1b1a2a1a2c1b1b1a2
R1b1a2a1a2c1b1b1a2a1,R1b1a2a1a2c1b1b1a2a
R1b1a2a1a2c1b1b1a2a2,R1b1a2a1a2c1b1b1a2a
R1b1a2a1a2c1b1b1a2b,R1b1a2a1a2c1b1b1a2
R1b1a2a1a2c1b1b1a3,R1b1a2a1a2c1b1b1a
R1b1a2a1a2c1b1b1a3a,R1b1a2a1a2c1b1b1a3
R1b1a2a1a2c1b1b1a3a1,R1b1a2a1a2c1b1b1a3a
R1b1a2a1a2c1b1b1a3a2,R1b1a2a1a2c1b1b1a3a
R1b1a2a1a2c1b1b1a3b,R1b1a2a1a2c1b1b1a3
R1b1a2a1a2c1b1b1a4,R1b1a2a1a2c1b1b1a
R1b1a2a1a2c1b1b1a4a,R1b1a2a1a2c1b1b1a4
R1b1a2a1a2c1b1b1a4a1,R1b1a2a1a2c1b1b1a4a
R1b1a2a1a2c1b1b1a4a2,R1b1a2a1a2c1b1b1a4a
R1b1a2a1a2c1b1b1a4b,R1b1a2a1a2c1b1b1a4
R1b1a2a1a2c1b1b1a5,R1b1a2a1a2c1b1b1a
R1b1a2a1a2c1b1b1b,R1b1a2a1a2c1b1b1
R1b1a2a1a2c1b1b2,R1b1a2a1a2c1b1b
R1b1a2a1a2c1b1b2a,R1b1a2a1a2c1b1b2
R1b1a2a1a2c1b1b2a1,R1b1a2a1a2c1b1b2a
R1b1a2a1a2c1b1b2a1a,R1b1a2a1a2c1b1b2a1
R1b1a2a1a2c1b1b2a1a1,R1b1a2a1a2c1b1b2a1a
R1b1a2a1a2c1b1b2a1a2,R1b1a2a1a2c1b1b2a1a
R1b1a2a1a2c1b1b2a1b,R1b1a2a1a2c1b1b2a1
R1b1a2a1a2c1b1b2a2,R1b1a2a1a2c1b1b2a
R1b1a2a1a2c1b1b2b,R1b1a2a1a2c1b1b2
R1b1a2a1a2c1b1b3,R1b1a2a1a2c1b1b
R1b1a2a1a2c1b1b4,R1b1a2a1a2c1b1b
R1b1a2a1a2c1b1b4a,R1b1a2a1a2c1b1b4
R1b1a2a1a2c1b1b4a1,R1b1a2a1a2c1b1b4a
R1b1a2a1a2c1b1b4a1a,R1b1a2a1a2c1b1b4a1
R1b1a2a1a2c1b1b4a1b,R1b1a2a1a2c1b1b4a1
R1b1a2a1a2c1b1b4a2,R1b1a2a1a2c1b1b4a
R1b1a2a1a2c1b1b4b,R1b1a2a1a2c1b1b4
R1b1a2a1a2c1b1c,R1b1a2a1a2c1b1
R1b1a2a1a2c1b1c1,R1b1a2a1a2c1b1c
R1b1a2a1a2c1b1c2,R1b1a2a1a2c1b1c
R1b1a2a1a2c1b2,R1b1a2a1a2c1b
R1b1a2a1a2c1b2a,R1b1a2a1a2c1b2
R1b1a2a1a2c1b2a1,R1b1a2a1a2c1b2a
R1b1a2a1a2c1b2a1a,R1b1a2a1a2c1b2a1
R1b1a2a1a2c1b2a1a1,R1b1a2a1a2c1b2a1a
R1b1a2a1a2c1b2a1a1a,R1b1a2a1a2c1b2a1a1
R1b1a2a1a2c1b2a1a1b,R1b1a2a1a2c1b2a1a1
R1b1a2a1a2c1b2a1a1b1,R1b1a2a1a2c1b2a1a1b
R1b1a2a1a2c1b2a1a1b2,R1b1a2a1a2c1b2a1a1b
R1b1a2a1a2c1b2a1a2,R1b1a2a1a2c1b2a1a
R1b1a2a1a2c1b2a1b,R1b1a2a1a2c1b2a1
R1b1a2a1a2c1b2a2,R1b1a2a1a2c1b2a
R1b1a2a1a2c1b2b,R1b1a2a1a2c1b2
R1b1a2a1a2c1b2b1,R1b1a2a1a2c1b2b
R1b1a2a1a2c1b2b1a,R1b1a2a1a2c1b2b1
R1b1a2a1a2c1b2b1a1,R1b1a2a1a2c1b2b1a
R1b1a2a1a2c1b2b1a2,R1b1a2a1a2c1b2b1a
R1b1a2a1a2c1b2b1b,R1b1a2a1a2c1b2b1
R1b1a2a1a2c1b2b2,R1b1a2a1a2c1b2b
R1b1a2a1a2c1b2b2a,R1b1a2a1a2c1b2b2
R1b1a2a1a2c1b2b2a1,R1b1a2a1a2c1b2b2a
R1b1a2a1a2c1b2b2a2,R1b1a2a1a2c1b2b2a
R1b1a2a1a2c1b2b2b,R1b1a2a1a2c1b2b2
R1b1a2a1a2c1b2c,R1b1a2a1a2c1b2
R1b1a2a1a2c1b2c1,R1b1a2a1a2c1b2c
R1b1a2a1a2c1b2c1a,R1b1a2a1a2c1b2c1
R1b1a2a1a2c1b2c1a1,R1b1a2a1a2c1b2c1a
R1b1a2a1a2c1b2c1a2,R1b1a2a1a2c1b2c1a
R1b1a2a1a2c1b2c1b,R1b1a2a1a2c1b2c1
R1b1a2a1a2c1b2c2,R1b1a2a1a2c1b2c
R1b1a2a1a2c1b3,R1b1a2a1a2c1b
R1b1a2a1a2c1b4,R1b1a2a1a2c1b
R1b1a2a1a2c1c,R1b1a2a1a2c1
R1b1a2a1a2c1c1,R1b1a2a1a2c1c
R1b1a2a1a2c1c1a,R1b1a2a1a2c1c1
R1b1a2a1a2c1c1b,R1b1a2a1a2c1c1
R1b1a2a1a2c1c1b1,R1b1a2a1a2c1c1b
R1b1a2a1a2c1c1b1a,R1b1a2a1a2c1c1b1
R1b1a2a1a2c1c1b1a1,R1b1a2a1a2c1c1b1a
R1b1a2a1a2c1c1b1a1a,R1b1a2a1a2c1c1b1a1
R1b1a2a1a2c1c1b1a1b,R1b1a2a1a2c1c1b1a1
R1b1a2a1a2c1c1b1a1b1,R1b1a2a1a2c1c1b1a1b
R1b1a2a1a2c1c1b1a1b1a,R1b1a2a1a2c1c1b1a1b1
R1b1a2a1a2c1c1b1a1b1a1,R1b1a2a1a2c1c1b1a1b1a
R1b1a2a1a2c1c1b1a1b1a2,R1b1a2a1a2c1c1b1a1b1a
R1b1a2a1a2c1c1b1a1b1b,R1b1a2a1a2c1c1b1a1b1
R1b1a2a1a2c1c1b1a1b2,R1b1a2a1a2c1c1b1a1b
R1b1a2a1a2c1c1b1a1b2a,R1b1a2a1a2c1c1b1a1b2
R1b1a2a1a2c1c1b1a1b2b,R1b1a2a1a2c1c1b1a1b2
R1b1a2a1a2c1c1b1a1b3,R1b1a2a1a2c1c1b1a1b
R1b1a2a1a2c1c1b1a1b3a,R1b1a2a1a2c1c1b1a1b3
R1b1a2a1a2c1c1b1a1b3a1,R1b1a2a1a2c1c1b1a1b3a
R1b1a2a1a2c1c1b1a1b3a2,R1b1a2a1a2c1c1b1a1b3a
R1b1a2a1a2c1c1b1a1b3a3,R1b1a2a1a2c1c1b1a1b3a
R1b1a2a1a2c1c1b1a1b3b,R1b1a2a1a2c1c1b1a1b3
R1b1a2a1a2c1c1b1a1b4,R1b1a2a1a2c1c1b1a1b
R1b1a2a1a2c1c1b1a1b4a,R1b1a2a1a2c1c1b1a1b4
R1b1a2a1a2c1c1b1a1b4a1,R1b1a2a1a2c1c1b1a1b4a
R1b1a2a1a2c1c1b1a1b4a2,R1b1a2a1a2c1c1b1a1b4a
R1b1a2a1a2c1c1b1a1b4a2a,R1b1a2a1a2c1c1b1a1b4a2
R1b1a2a1a2c1c1b1a1b4a2b,R1b1a2a1a2c1c1b1a1b4a2
R1b1a2a1a2c1c1b1a1b4b,R1b1a2a1a2c1c1b1a1b4
R1b1a2a1a2c1c1b1a1b4b1,R1b1a2a1a2c1c1b1a1b4b
R1b1a2a1a2c1c1b1a1b4b2,R1b1a2a1a2c1c1b1a1b4b
R1b1a2a1a2c1c1b1a1b5,R1b1a2a1a2c1c1b1a1b
R1b1a2a1a2c1c1b1a2,R1b1a2a1a2c1c1b1a
R1b1a2a1a2c1c1b1a2a,R1b1a2a1a2c1c1b1a2
R1b1a2a1a2c1c1b1a2a1,R1b1a2a1a2c1c1b1a2a
R1b1a2a1a2c1c1b1a2a1a,R1b1a2a1a2c1c1b1a2a1
R1b1a2a1a2c1c1b1a2a1a1,R1b1a2a1a2c1c1b1a2a1a
R1b1a2a1a2c1c1b1a2a1a2,R1b1a2a1a2c1c1b1a2a1a
R1b1a2a1a2c1c1b1a2a1a3,R1b1a2a1a2c1c1b1a2a1a
R1b1a2a1a2c1c1b1a2a1a3a,R1b1a2a1a2c1c1b1a2a1a3
R1b1a2a1a2c1c1b1a2a1a3a1,R1b1a2a1a2c1c1b1a2a1a3a
R1b1a2a1a2c1c1b1a2a1a3a2,R1b1a2a1a2c1c1b1a2a1a3a
R1b1a2a1a2c1c1b1a2a1a3b,R1b1a2a1a2c1c1b1a2a1a3
R1b1a2a1a2c1c1b1a2a1b,R1b1a2a1a2c1c1b1a2a1
R1b1a2a1a2c1c1b1a2a1b1,R1b1a2a1a2c1c1b1a2a1b
R1b1a2a1a2c1c1b1a2a1b1a,R1b1a2a1a2c1c1b1a2a1b1
R1b1a2a1a2c1c1b1a2a1b1b,R1b1a2a1a2c1c1b1a2a1b1
R1b1a2a1a2c1c1b1a2a1b2,R1b1a2a1a2c1c1b1a2a1b
R1b1a2a1a2c1c1b1a2a1c,R1b1a2a1a2c1c1b1a2a1
R1b1a2a1a2c1c1b1a2a2,R1b1a2a1a2c1c1b1a2a
R1b1a2a1a2c1c1b1a2a2a,R1b1a2a1a2c1c1b1a2a2
R1b1a2a1a2c1c1b1a2a2a1,R1b1a2a1a2c1c1b1a2a2a
R1b1a2a1a2c1c1b1a2a2a1a,R1b1a2a1a2c1c1b1a2a2a1
R1b1a2a1a2c1c1b1a2a2a1b,R1b1a2a1a2c1c1b1a2a2a1
R1b1a2a1a2c1c1b1a2a2a2,R1b1a2a1a2c1c1b1a2a2a
R1b1a2a1a2c1c1b1a2a2b,R1b1a2a1a2c1c1b1a2a2
R1b1a2a1a2c1c1b1a2b,R1b1a2a1a2c1c1b1a2
R1b1a2a1a2c1c1b1a3,R1b1a2a1a2c1c1b1a
R1b1a2a1a2c1c1b1a3a,R1b1a2a1a2c1c1b1a3
R1b1a2a1a2c1c1b1a3a1,R1b1a2a1a2c1c1b1a3a
R1b1a2a1a2c1c1b1a3a1a,R1b1a2a1a2c1c1b1a3a1
R1b1a2a1a2c1c1b1a3a1b,R1b1a2a1a2c1c1b1a3a1
R1b1a2a1a2c1c1b1a3a2,R1b1a2a1a2c1c1b1a3a
R1b1a2a1a2c1c1b1a3b,R1b1a2a1a2c1c1b1a3
R1b1a2a1a2c1c1b1a4,R1b1a2a1a2c1c1b1a
R1b1a2a1a2c1c1b1a4a,R1b1a2a1a2c1c1b1a4
R1b1a2a1a2c1c1b1a4a1,R1b1a2a1a2c1c1b1a4a
R1b1a2a1a2c1c1b1a4a2,R1b1a2a1a2c1c1b1a4a
R1b1a2a1a2c1c1b1a4b,R1b1a2a1a2c1c1b1a4
R1b1a2a1a2c1c1b1a4c,R1b1a2a1a2c1c1b1a4
R1b1a2a1a2c1c1b1b,R1b1a2a1a2c1c1b1
R1b1a2a1a2c1c1b1b1,R1b1a2a1a2c1c1b1b
R1b1a2a1a2c1c1b1b2,R1b1a2a1a2c1c1b1b
R1b1a2a1a2c1c1b1b3,R1b1a2a1a2c1c1b1b
R1b1a2a1a2c1c1b1b3a,R1b1a2a1a2c1c1b1b3
R1b1a2a1a2c1c1b1b3a1,R1b1a2a1a2c1c1b1b3a
R1b1a2a1a2c1c1b1b3a2,R1b1a2a1a2c1c1b1b3a
R1b1a2a1a2c1c1b1b3b,R1b1a2a1a2c1c1b1b3
R1b1a2a1a2c1c1b1b4,R1b1a2a1a2c1c1b1b
R1b1a2a1a2c1c1b1c,R1b1a2a1a2c1c1b1
R1b1a2a1a2c1c1b1c1,R1b1a2a1a2c1c1b1c
R1b1a2a1a2c1c1b1c2,R1b1a2a1a2c1c1b1c
R1b1a2a1a2c1c1b2,R1b1a2a1a2c1c1b
R1b1a2a1a2c1c2,R1b1a2a1a2c1c
R1b1a2a1a2c1c2a,R1b1a2a1a2c1c2
R1b1a2a1a2c1c2b,R1b1a2a1a2c1c2
R1b1a2a1a2c1c3,R1b1a2a1a2c1c
R1b1a2a1a2c1d,R1b1a2a1a2c1
R1b1a2a1a2c1e,R1b1a2a1a2c1
R1b1a2a1a2c1e1,R1b1a2a1a2c1e
R1b1a2a1a2c1e1a,R1b1a2a1a2c1e1
R1b1a2a1a2c1e1b,R1b1a2a1a2c1e1
R1b1a2a1a2c1e2,R1b1a2a1a2c1e
R1b1a2a1a2c1f,R1b1a2a1a2c1
R1b1a2a1a2c1f1,R1b1a2a1a2c1f
R1b1a2a1a2c1f2,R1b1a2a1a2c1f
R1b1a2a1a2c1f2a,R1b1a2a1a2c1f2
R1b1a2a1a2c1f2a1,R1b1a2a1a2c1f2a
R1b1a2a1a2c1f2a1a,R1b1a2a1a2c1f2a1
R1b1a2a1a2c1f2a1a1,R1b1a2a1a2c1f2a1a
R1b1a2a1a2c1f2a1a1a,R1b1a2a1a2c1f2a1a1
R1b1a2a1a2c1f2a1a1b,R1b1a2a1a2c1f2a1a1
R1b1a2a1a2c1f2a1a2,R1b1a2a1a2c1f2a1a
R1b1a2a1a2c1f2a1b,R1b1a2a1a2c1f2a1
R1b1a2a1a2c1f2a1c,R1b1a2a1a2c1f2a1
R1b1a2a1a2c1f2a1d,R1b1a2a1a2c1f2a1
R1b1a2a1a2c1f2a2,R1b1a2a1a2c1f2a
R1b1a2a1a2c1f2b,R1b1a2a1a2c1f2
R1b1a2a1a2c1f2b1,R1b1a2a1a2c1f2b
R1b1a2a1a2c1f2b1a,R1b1a2a1a2c1f2b1
R1b1a2a1a2c1f2b1b,R1b1a2a1a2c1f2b1
R1b1a2a1a2c1f2b2,R1b1a2a1a2c1f2b
R1b1a2a1a2c1f2c,R1b1a2a1a2c1f2
R1b1a2a1a2c1f2c1,R1b1a2a1a2c1f2c
R1b1a2a1a2c1f2c1a,R1b1a2a1a2c1f2c1
R1b1a2a1a2c1f2c1a1,R1b1a2a1a2c1f2c1a
R1b1a2a1a2c1f2c1a1a,R1b1a2a1a2c1f2c1a1
R1b1a2a1a2c1f2c1a1b,R1b1a2a1a2c1f2c1a1
R1b1a2a1a2c1f2c1a1b1,R1b1a2a1a2c1f2c1a1b
R1b1a2a1a2c1f2c1a1b1a,R1b1a2a1a2c1f2c1a1b1
R1b1a2a1a2c1f2c1a1b1b,R1b1a2a1a2c1f2c1a1b1
R1b1a2a1a2c1f2c1a1b1b1,R1b1a2a1a2c1f2c1a1b1b
R1b1a2a1a2c1f2c1a1b1b1a,R1b1a2a1a2c1f2c1a1b1b1
R1b1a2a1a2c1f2c1a1b1b1b,R1b1a2a1a2c1f2c1a1b1b1
R1b1a2a1a2c1f2c1a1b1b2,R1b1a2a1a2c1f2c1a1b1b
R1b1a2a1a2c1f2c1a1b2,R1b1a2a1a2c1f2c1a1b
R1b1a2a1a2c1f2c1a2,R1b1a2a1a2c1f2c1a
R1b1a2a1a2c1f2c1b,R1b1a2a1a2c1f2c1
R1b1a2a1a2c1f2c1b1,R1b1a2a1a2c1f2c1b
R1b1a2a1a2c1f2c1b1a,R1b1a2a1a2c1f2c1b1
R1b1a2a1a2c1f2c1b1b,R1b1a2a1a2c1f2c1b1
R1b1a2a1a2c1f2c1b2,R1b1a2a1a2c1f2c1b
R1b1a2a1a2c1f2c2,R1b1a2a1a2c1f2c
R1b1a2a1a2c1f2c3,R1b1a2a1a2c1f2c
R1b1a2a1a2c1f2c3a,R1b1a2a1a2c1f2c3
R1b1a2a1a2c1f2c3b,R1b1a2a1a2c1f2c3
R1b1a2a1a2c1f2c4,R1b1a2a1a2c1f2c
R1b1a2a1a2c1f2d,R1b1a2a1a2c1f2
R1b1a2a1a2c1f2d1,R1b1a2a1a2c1f2d
R1b1a2a1a2c1f2d2,R1b1a2a1a2c1f2d
R1b1a2a1a2c1f3,R1b1a2a1a2c1f
R1b1a2a1a2c1f3a,R1b1a2a1a2c1f3
R1b1a2a1a2c1f3a1,R1b1a2a1a2c1f3a
R1b1a2a1a2c1f3a1a,R1b1a2a1a2c1f3a1
R1b1a2a1a2c1f3a1b,R1b1a2a1a2c1f3a1
R1b1a2a1a2c1f3a2,R1b1a2a1a2c1f3a
R1b1a2a1a2c1f3b,R1b1a2a1a2c1f3
R1b1a2a1a2c1f4,R1b1a2a1a2c1f
R1b1a2a1a2c1f4a,R1b1a2a1a2c1f4
R1b1a2a1a2c1f4a1,R1b1a2a1a2c1f4a
R1b1a2a1a2c1f4a1a,R1b1a2a1a2c1f4a1
R1b1a2a1a2c1f4a1a1,R1b1a2a1a2c1f4a1a
R1b1a2a1a2c1f4a1a1a,R1b1a2a1a2c1f4a1a1
R1b1a2a1a2c1f4a1a1b,R1b1a2a1a2c1f4a1a1
R1b1a2a1a2c1f4a1a2,R1b1a2a1a2c1f4a1a
R1b1a2a1a2c1f4a1b,R1b1a2a1a2c1f4a1
R1b1a2a1a2c1f4a2,R1b1a2a1a2c1f4a
R1b1a2a1a2c1f4b,R1b1a2a1a2c1f4
R1b1a2a1a2c1f5,R1b1a2a1a2c1f
R1b1a2a1a2c1f5a,R1b1a2a1a2c1f5
R1b1a2a1a2c1f5a1,R1b1a2a1a2c1f5a
R1b1a2a1a2c1f5a1a,R1b1a2a1a2c1f5a1
R1b1a2a1a2c1f5a1a1,R1b1a2a1a2c1f5a1a
R1b1a2a1a2c1f5a1a2,R1b1a2a1a2c1f5a1a
R1b1a2a1a2c1f5a1b,R1b1a2a1a2c1f5a1
R1b1a2a1a2c1f5a2,R1b1a2a1a2c1f5a
R1b1a2a1a2c1f5a2a,R1b1a2a1a2c1f5a2
R1b1a2a1a2c1f5a2b,R1b1a2a1a2c1f5a2
R1b1a2a1a2c1f5b,R1b1a2a1a2c1f5
R1b1a2a1a2c1f6,R1b1a2a1a2c1f
R1b1a2a1a2c1f6a,R1b1a2a1a2c1f6
R1b1a2a1a2c1f6b,R1b1a2a1a2c1f6
R1b1a2a1a2c1g,R1b1a2a1a2c1
R1b1a2a1a2c1g1,R1b1a2a1a2c1g
R1b1a2a1a2c1g1a,R1b1a2a1a2c1g1
R1b1a2a1a2c1g1a1,R1b1a2a1a2c1g1a
R1b1a2a1a2c1g1a2,R1b1a2a1a2c1g1a
R1b1a2a1a2c1g1b,R1b1a2a1a2c1g1
R1b1a2a1a2c1g1b1,R1b1a2a1a2c1g1b
R1b1a2a1a2c1g1b1a,R1b1a2a1a2c1g1b1
R1b1a2a1a2c1g1b1a1,R1b1a2a1a2c1g1b1a
R1b1a2a1a2c1g1b1a2,R1b1a2a1a2c1g1b1a
R1b1a2a1a2c1g1b1b,R1b1a2a1a2c1g1b1
R1b1a2a1a2c1g1b2,R1b1a2a1a2c1g1b
R1b1a2a1a2c1g2,R1b1a2a1a2c1g
R1b1a2a1a2c1g2a,R1b1a2a1a2c1g2
R1b1a2a1a2c1g2a1,R1b1a2a1a2c1g2a
R1b1a2a1a2c1g2a1a,R1b1a2a1a2c1g2a1
R1b1a2a1a2c1g2a1a1,R1b1a2a1a2c1g2a1a
R1b1a2a1a2c1g2a1a1a,R1b1a2a1a2c1g2a1a1
R1b1a2a1a2c1g2a1a1b,R1b1a2a1a2c1g2a1a1
R1b1a2a1a2c1g2a1a2,R1b1a2a1a2c1g2a1a
R1b1a2a1a2c1g2a1a2a,R1b1a2a1a2c1g2a1a2
R1b1a2a1a2c1g2a1a2b,R1b1a2a1a2c1g2a1a2
R1b1a2a1a2c1g2a1a2b1,R1b1a2a1a2c1g2a1a2b
R1b1a2a1a2c1g2a1a2b2,R1b1a2a1a2c1g2a1a2b
R1b1a2a1a2c1g2a1a3,R1b1a2a1a2c1g2a1a
R1b1a2a1a2c1g2a1a3a,R1b1a2a1a2c1g2a1a3
R1b1a2a1a2c1g2a1a3a1,R1b1a2a1a2c1g2a1a3a
R1b1a2a1a2c1g2a1a3a2,R1b1a2a1a2c1g2a1a3a
R1b1a2a1a2c1g2a1a3a3,R1b1a2a1a2c1g2a1a3a
R1b1a2a1a2c1g2a1a3b,R1b1a2a1a2c1g2a1a3
R1b1a2a1a2c1g2a1a4,R1b1a2a1a2c1g2a1a
R1b1a2a1a2c1g2a1a4a,R1b1a2a1a2c1g2a1a4
R1b1a2a1a2c1g2a1a4b,R1b1a2a1a2c1g2a1a4
R1b1a2a1a2c1g2a1b,R1b1a2a1a2c1g2a1
R1b1a2a1a2c1g2a2,R1b1a2a1a2c1g2a
R1b1a2a1a2c1g2b,R1b1a2a1a2c1g2
R1b1a2a1a2c1g3,R1b1a2a1a2c1g
R1b1a2a1a2c1g3a,R1b1a2a1a2c1g3
R1b1a2a1a2c1g3a1,R1b1a2a1a2c1g3a
R1b1a2a1a2c1g3a2,R1b1a2a1a2c1g3a
R1b1a2a1a2c1g3a3,R1b1a2a1a2c1g3a
R1b1a2a1a2c1g3b,R1b1a2a1a2c1g3
R1b1a2a1a2c1g3b1,R1b1a2a1a2c1g3b
R1b1a2a1a2c1g3b2,R1b1a2a1a2c1g3b
R1b1a2a1a2c1g3c,R1b1a2a1a2c1g3
R1b1a2a1a2c1g4,R1b1a2a1a2c1g
R1b1a2a1a2c1g5,R1b1a2a1a2c1g
R1b1a2a1a2c1h,R1b1a2a1a2c1
R1b1a2a1a2c1i,R1b1a2a1a2c1
R1b1a2a1a2c1i1,R1b1a2a1a2c1i
R1b1a2a1a2c1i1a,R1b1a2a1a2c1i1
R1b1a2a1a2c1i1a1,R1b1a2a1a2c1i1a
R1b1a2a1a2c1i1a2,R1b1a2a1a2c1i1a
R1b1a2a1a2c1i1b,R1b1a2a1a2c1i1
R1b1a2a1a2c1i2,R1b1a2a1a2c1i
R1b1a2a1a2c1i2a,R1b1a2a1a2c1i2
R1b1a2a1a2c1i2b,R1b1a2a1a2c1i2
R1b1a2a1a2c1i3,R1b1a2a1a2c1i
R1b1a2a1a2c1i4,R1b1a2a1a2c1i
R1b1a2a1a2c1i4a,R1b1a2a1a2c1i4
R1b1a2a1a2c1i4b,R1b1a2a1a2c1i4
R1b1a2a1a2c1i5,R1b1a2a1a2c1i
R1b1a2a1a2c1i6,R1b1a2a1a2c1i
R1b1a2a1a2c1i7,R1b1a2a1a2c1i
R1b1a2a1a2c1i8,R1b1a2a1a2c1i
R1b1a2a1a2c1j,R1b1a2a1a2c1
R1b1a2a1a2c1j1,R1b1a2a1a2c1j
R1b1a2a1a2c1j2,R1b1a2a1a2c1j
R1b1a2a1a2c1k,R1b1a2a1a2c1
R1b1a2a1a2c1k1,R1b1a2a1a2c1k
R1b1a2a1a2c1k1a,R1b1a2a1a2c1k1
R1b1a2a1a2c1k1a1,R1b1a2a1a2c1k1a
R1b1a2a1a2c1k1a1a,R1b1a2a1a2c1k1a1
R1b1a2a1a2c1k1a1b,R1b1a2a1a2c1k1a1
R1b1a2a1a2c1k1a1b1,R1b1a2a1a2c1k1a1b
R1b1a2a1a2c1k1a1b2,R1b1a2a1a2c1k1a1b
R1b1a2a1a2c1k1a1c,R1b1a2a1a2c1k1a1
R1b1a2a1a2c1k1a2,R1b1a2a1a2c1k1a
R1b1a2a1a2c1k1a3,R1b1a2a1a2c1k1a
R1b1a2a1a2c1k1a4,R1b1a2a1a2c1k1a
R1b1a2a1a2c1k1b,R1b1a2a1a2c1k1
R1b1a2a1a2c1k1c,R1b1a2a1a2c1k1
R1b1a2a1a2c1k1c1,R1b1a2a1a2c1k1c
R1b1a2a1a2c1k1c2,R1b1a2a1a2c1k1c
R1b1a2a1a2c1k2,R1b1a2a1a2c1k
R1b1a2a1a2c1l,R1b1a2a1a2c1
R1b1a2a1a2c1l1,R1b1a2a1a2c1l
R1b1a2a1a2c1l1a,R1b1a2a1a2c1l1
R1b1a2a1a2c1l1a1,R1b1a2a1a2c1l1a
R1b1a2a1a2c1l1a2,R1b1a2a1a2c1l1a
R1b1a2a1a2c1l1b,R1b1a2a1a2c1l1
R1b1a2a1a2c1l2,R1b1a2a1a2c1l
R1b1a2a1a2c1m,R1b1a2a1a2c1
R1b1a2a1a2c1m1,R1b1a2a1a2c1m
R1b1a2a1a2c1m2,R1b1a2a1a2c1m
R1b1a2a1a2c1n,R1b1a2a1a2c1
R1b1a2a1a2c1n1,R1b1a2a1a2c1n
R1b1a2a1a2c1n2,R1b1a2a1a2c1n
R1b1a2a1a2c2,R1b1a2a1a2c
R1b1a2a1a2c2a,R1b1a2a1a2c2
R1b1a2a1a2c2b,R1b1a2a1a2c2
R1b1a2a1a2d,R1b1a2a1a2
R1b1a2a1a2e,R1b1a2a1a2
R1b1a2a1a2e1,R1b1a2a1a2e
R1b1a2a1a2e1a,R1b1a2a1a2e1
R1b1a2a1a2e1b,R1b1a2a1a2e1
R1b1a2a1a2e1c,R1b1a2a1a2e1
R1b1a2a1a2e2,R1b1a2a1a2e
R1b1a2a1a2f,R1b1a2a1a2
R1b1a2a1a3,R1b1a2a1a
R1b1a2a1a3a,R1b1a2a1a3
R1b1a2a1a3b,R1b1a2a1a3
R1b1a2a1b,R1b1a2a1
R1b1a2a1b1,R1b1a2a1b
R1b1a2a1b1a,R1b1a2a1b1
R1b1a2a1b1b,R1b1a2a1b1
R1b1a2a1b2,R1b1a2a1b
R1b1a2a2,R1b1a2a
R1b1a2a2a,R1b1a2a2
R1b1a2a2a1,R1b1a2a2a
R1b1a2a2a2,R1b1a2a2a
R1b1a2a2b,R1b1a2a2
R1b1a2a2c,R1b1a2a2
R1b1a2a2c1,R1b1a2a2c
R1b1a2a2c1a,R1b1a2a2c1
R1b1a2a2c1a1,R1b1a2a2c1a
R1b1a2a2c1a1a,R1b1a2a2c1a1
R1b1a2a2c1a1a1,R1b1a2a2c1a1a
R1b1a2a2c1a1a2,R1b1a2a2c1a1a
R1b1a2a2c1a1b,R1b1a2a2c1a1
R1b1a2a2c1a2,R1b1a2a2c1a
R1b1a2a2c1b,R1b1a2a2c1
R1b1a2a2c2,R1b1a2a2c
R1b1a2b,R1b1a2
R1b1b,R1b1
R1b1c,R1b1
R1b1c1,R1b1c
R1b1c2,R1b1c
R1b1c3,R1b1c
R1b2,R1b
R2,R/K2b2a2
R2a,R2
R2a1,R2a
R2a1a,R2a1
R2a1b,R2a1
R2a1b1,R2a1b
R2a1b1a,R2a1b1
R2a1b1b,R2a1b1
R2a1b2,R2a1b
R2a2,R2a
R2a3,R2a
R2b,R2
S/K2b1a4,K2b1a
S1,S/K2b1a4
S1a,S1
S1b,S1
S1c,S1
S1d,S1
S2,S/K2b1a4
T/K1b,LT/K1
T1,T/K1b
T1a,T1
T1a1,T1a
T1a1a,T1a1
T1a1a1,T1a1a
T1a1a1a,T1a1a1
T1a1a1a1,T1a1a1a
T1a1a1a1a,T1a1a1a1
T1a1a1a1a1,T1a1a1a1a
T1a1a1a1a1a,T1a1a1a1a1
T1a1a1a1a1b,T1a1a1a1a1
T1a1a1a1a2,T1a1a1a1a
T1a1a1a1b,T1a1a1a1
T1a1a1a2,T1a1a1a
T1a1a1b,T1a1a1
T1a1a2,T1a1a
T1a1a2a,T1a1a2
T1a1a2b,T1a1a2
T1a1a3,T1a1a
T1a1b,T1a1
T1a2,T1a
T1a2a,T1a2
T1a2b,T1a2
T1a2b1,T1a2b
T1a2b1a,T1a2b1
T1a2b1b,T1a2b1
T1a2b2,T1a2b
T1a3,T1a
T1b,T1
T2,T/K1b